operador_id,producto
0,SOJA
1,GIRASOL
1,MIJO
1,RESIDUO VEGETAL
2,MAIZ
2,AVENA
2,CAMPO NATURAL
3,SOJA
3,ALPISTE
4,SOJA
4,ALPISTE
4,TRIGO
5,CEREALES
6,CEREALES
7,NUEZ PECAN
7,PASTURAS
7,INCULTO
8,GANADERIA BOVINA
9,ARANDANO
10,ARANDANO
10,FRAMBUESA
10,MORA
10,TOMATE
10,PIMIENTO
10,ZAPALLO
10,INCULTO
11,ARANDANO
11,DESCANSO
12,TRIGO
12,SOJA
13,LINO DORADO
13,SOJA
14,TRIGO
14,SOJA
15,TRIGO
15,SOJA
16,ARANDANO
16,PASTURAS
17,ARANDANO
17,NARANJA
18,VACAS
18,VAQUILLONAS
18,NOVILLOS
18,TOROS
18,TERNERAS
19,OLIVO
20,REPOLLO
20,ACELGA
20,BROCOLI
20,HINOJO
20,HABAS
20,ESPINACA
20,COLIFLOR
20,LECHUGA
20,CEBOLLA DE VERDEO
20,MANZANA
20,HIGOS
20,CIRUELA
20,PERA
20,DURAZNO
20,MANDARINA
20,POMELO
20,FORESTALES
21,ARANDANO
21,MORA
21,CIRUELA
21,DURAZNO
22,ARANDANOS
23,HORTALIZAS
24,HORTICULTURA: HORTALIZAS DE RAIZ
24,HOJA
24,FRUTOS
25,HUEVOS
26,AVENA
26,TRIGO
27,KIWI
28,CEREALES
29,CEREALES
30,TRIGO
30,CENTENO
30,AVENA
30,CEBADA
30,PASTURAS
30,CAMPO NATURAL
31,CEREALES
32,CEREALES
33,MAIZ
33,SOJA
33,GIRASOL
33,LINO
33,TRIGO
34,MAIZ
34,LINO
34,TRIGO
34,GIRASOL
35,AVENA
35,ARVEJA
35,ABONO VERDE
35,TRIGO
35,SORGO
36,VACAS
36,TERNEROS
37,KIWI
37,LIMON
37,MORAS SILVESTRES
37,NOGALES
37,MANDARINA
37,HIGO
38,CEREALES
38,OLEAGINOSAS
39,LECHE
39,VACAS DE TAMBO
39,VAQUILLONAS
39,TOROS
39,TERNERAS
39,TERNEROS
40,AVENA
41,RUCULA
41,RABANITO
41,PUERROS
41,PIMIENTOS
41,BERENJENAS
41,CEBOLLA
41,PEREJIL
41,ACELGA
41,REMOLACHA
41,ZAPALLO
41,BATATA
41,HINOJO
41,ESCAROLA
41,REPOLLO
41,ZANAHORIA
41,CHAUCHA
41,ZAPALLITO
41,ZUCCHINI
41,TOMATE
41,LECHUGA
41,CIBOULETTE
41,FRUTILLA
41,ESPINACA
41,ARVEJA
41,HABAS
41,PAK CHOY
41,RADICHETA
41,APIO
41,JENJIBRE
41,MILENRAMA
41,CEDRON
41,SALVIA
41,MENTA
41,MELISA
41,TOMILLO
41,ROMERO
41,MOSTAZA
41,CURCUMA
41,AJENJO
41,KALE
41, LIMON
41,MANZANA
41,BROCOLI
41,AJO
41,ALCAUCIL.
42,CEREALES
42,OLEAGINOSAS
43,CEREALES
43,OLEAGINOSAS
44,CEREALES
44,OLEAGINOSAS
45,PASTURAS
45,SORGO
45,CEBADA
45,TRIGO
45,CAMPO NATURAL
46,GANADERIA BOVINA
47,CEREALES
48,AVENA
48,CEBADA
48,TRIGO
49,ZAPALLO RED HOKKAIDO
49,CEBOLLA
50,AVENA
50,TRIGO
51,AVENA
51,TRIGO
52,KIWI
52,DESCANSO
52,MONTE
53,SOJA
54,GANADERIA BOVINA
55,TRIGO
56,TRIGO
57,SOJA
57,ABONO VERDE
58,MAIZ
59,MAIZ
60,SOJA
60,MAIZ
61,SOJA
61,ARVEJA
61,MAIZ
61,RESIDUO VEGETAL
62,CENTENO
62,MAIZ PISINGALLO
62,DESCANSO
62,SOJA
63,CEBADA
63,TRIGO
63,GANADERIA BOVINA
64,VACAS
64,TERNERAS
64,TOROS
64,VAQUILLONAS
64,NOVILLOS
65,GIRASOL ALTO OLEICO
65,DINKEL
66,ROMERO
66,LAVANDA
66,LAVANDIN
66,OREGANO
66,TOMILLO
66,SALVIA
66,HISOPO
66,MELISA
66,AJEDREA
67,SORGO FORRAJERO
67,GIRASOL
67,GANADERIA BOVINA
67,GANADERIA OVINA
68,VACAS
68,TERNERAS
68,TOROS
69,PASTURAS
70,MAIZ PISINGALLO
70,DESCANSO
70,GIRASOL ALTO OLEICO
71,CEREALES
71,OLEAGINOSAS
72,ALZA MELARIA
72,COLMENAS
72,NUCLEOS
73,TOROS
73,VACAS
73,TERNERAS
73,TERNEROS
74,ALFALFA
74,TRIGO
74,CENTENO
75,HORTALIZAS
76,CEREALES
76,OLEAGINOSAS
77,CEREALES
77,OLEAGINOSAS
78,CEREALES
78,OLEAGINOSAS
79,CEREALES
79,OLEAGINOSAS
80,CEREALES
80,OLEAGINOSAS
81,ZANAHORIA
81,CEBOLLA VERDEO
81,REPOLLO
81,LECHUGA
81,ACELGA
81,PEREJIL
81,RUCULA
81,PUERRO
81,NABO
81,AJO
81,ESPINACA
81,RADICHETA
82,INCULTO
82,AVENA
82,PASTURAS
82,CENTENO
82,SORGO
82,GIRASOL
83,CEREALES
83,OLEAGINOSAS
84,CEREALES
85,SOJA
85,MAIZ
86,GIRASOL ALTO OLEICO
87,MAIZ
88,SOJA
88,MAIZ
89,MAIZ
89,DESCANSO
90,SORGO
90,SOJA
91,HORTICULTURA
92,HORTALIZAS
93,AVENA
93,CENTENO
93,GANADERIA BOVINA
94,TRIGO
94,AVENA
94,CENTENO
94,CEBADA
94,GIRASOL
94,GANADERIA BOVINA
95,SOJA
95,MAIZ
95,PASTURAS
95,TRIGO
95,CEBADA
95,CAMPO NATURAL
96,SOJA
96,SORGO
96,CAMPO NATURAL
96,PASTURAS
97,MAIZ
97,PASTURAS
97,SOJA
97,MAIZ PISINGALLO
97,CAMPO NATURAL
98,DESCANSO
98,SOJA
98,MAIZ
98,PASTURAS
99,PASTURAS
99,ABONO VERDE
99,CAMPO NATURAL
99,SOJA
99,DESCANSO
99,MONTE
100,SOJA
101,SOJA
102,SOJA
103,VACAS
103,NOVILLOS
103,VAQUILLONAS
103,TOROS
103,TERNEROS
103,TERNERAS
104,RADICHETA
104,RUCULA
104,ALBAHACA
104,MENTA
104,CILANTRO
104,SALVIA
104,TOMILLO
104,ESPARRAGOS
104,TOMATE
104,INCULTO
104,ROMERO
104,ALFALFA
104,ALCAUCIL
104,ESTRAGON
104,PEREJIL
104,CEBOLLA
105,TRIGO
106,TRIGO
107,HORTALIZAS
107,ARROZ
108,SOJA
109,CEREALES
109,OLEAGINOSAS
110,CEREALES
110,OLEAGINOSAS
111,CEREALES
111,OLEAGINOSAS
112,CEREALES
112,OLEAGINOSAS
113,CEREALES
113,OLEAGINOSAS
114,VACAS
114,VAQUILLONAS
114,TOROS
114,TERNEROS
114,TERNERAS
115,MORA
115,INCULTO
115,ARANDANO
115,FRAMBUESA
115,PERA
115,MANDARINA
115,NARANJA
115,LIMON
115,NUEZ PECAN
115,HIGOS
115,DURAZNO
115,CIRUELA
116,HORTICULTURA: (RAIZ
116,HOJAS
116,FRUTOS) - FRUTALES: (CAROZO
116,PEPITA
116,CITRICOS).
117,CEREALES
117,OLEAGINOSAS
117,GANADERIA BOVINA
118,MAIZ
118,SOJA
118,GIRASOL
119,UVA
119,INCULTO
119,PASAS DE UVA
120,OLIVOS
121,OLIVOS
122,CHIA (SALVIA HISPANICA L.)
123,VID
124,OLIVOS
125,GERANIO
125,PASTO LIMON
125,OREGANO
126,CEREALES
126,OLEAGINOSAS
126,LEGUMINOSAS
127,GARBANZO
127,GIRASOL
127,MAIZ
127,TRIGO
127,MANI
127,POROTO
127,CHIA
127,AMARANTO
127,SESAMO
127,ARVEJA
128,ACELGA
128,ESPINACA
128,LERCHUGA GALLEGA
128,LECHUGA MANTECOSA
128,LECHUGA CRESPA
128,PEREJIL
128,RABANITO
128,ESCAROLA FINA
128,ZANAHORIA
128,ROMERO
128,CEBOLLA DE VERDEO
128, RUCULA
128,CIRUELAS
128,DURAZNOS.
129,TRIGO
129,MAIZ
129,SOJA
129,"ALFALFA,CENTENO"
129,GANADERIA BOVINA
130,MIEL
130,SUBPRODUCTOS DE LA COLMENA
131,MAIZ
131,TRIGO
131,SOJA
132,TOMILLO
132,SALVIA
132,OREGANO
132,PEREJIL
132,PUERRO
132,CEBOLLA
132,ZANAHORIA
132,LECHUGA
132,ACELGA
132,ZAPALLITO
132,REMOLACHA
132,CHOCLO
132,ZUCCINI
132,ESPINACA
132,RABANITO
132,CHAUCHA
132,RUCULA
132,CILANTRO
132,NABO
132,PEPINO
132,APIO
132,MELON
132,ZAPALLO
132,ROMERO
132,ESPARRAGOS
133,CEBADA-ALFALFA-VICIA-RABANITO-NABO-REMOLACHA-RUCULA-LECHUGA-PUERRO-CEBOLLA
134,ACEITUNAS
134,OLIVO
134,MELON
134,TOMATE
134,ZAPALLO
134,CEBOLLA
134,ZANAHORIA
134,MANZANILLA
134,PAPA
134,REMOLACHA
134,ACELGA
134,ESPINACA
134,PIMIENTO
134,LECHUGA
134,PEREJIL
135,TERNEROS
135,VACAS
135,VAQUILLONAS
135,TOROS
136,CEREALES
136,OLEAGINOSAS
137,GARBANZO
137,GIRASOL
137,MAIZ
137,TRIGO
137,MANI
137,POROTO
137,CHIA
137,AMARANTO
137,SESAMO
137,ARVEJAS
137,OLIVAS
137,OTROS.   
138,NUCLEOS
138,COLMENAS
138,ALZA MELARIA
139,MANDARINA
139,NARANJA
140,LIMON
141,ARROZ
142,ARROZ
143,ARROZ
143,CAMPO NATURAL
144,INCULTO
144,DESCANSO
144,ARROZ
144,MONTE
145,LIMON
146,ALZA MELARIA
146,COLMENAS
146,NUCLEOS
147,ARROZ
147,INCULTO
148,POMELO
149,ARROZ
150,VACAS
150,TOROS
151,OVEJAS
151,LANA SUCIA
151,CAPONES
151,BORREGAS
151,BORREGOS
151,CARNEROS
152,LANA SUCIA
152,CARNEROS
152,BORREGAS
152,OVEJAS
152,CAPONES
152,BORREGOS
153,TERNEROS
153,NOVILLOS
153,TOROS
153,VACAS
153,VAQUILLONAS
154,GANADERIA BOVINA
154,GANADERIA OVINA (CARNE
154,LANA)
155,ROSA MOSQUETA
156,CASSIS
156,FRAMBUESA
156,MORA
156,GROSELLA
157,CASSIS
157,FRAMBUESA
157,MORA
158,VACAS
158,VAQUILLONAS
158,TOROS
158,TERNEROS
159,OVEJAS
159,LANA SUCIA
159,BORREGOS
159,BORREGAS
159,CARNEROS
159,CAPONES
160,LANA SUCIA
160,OVEJAS
160,BORREGOS
160,CAPONES
160,CARNEROS
161,OVEJAS
161,LANA SUCIA
161,BORREGOS
161,BORREGAS
161,CAPONES
162,TOROS
162,VACAS
162,TERNEROS
162,TERNERAS
163,LANA SUCIA
163,OVEJAS
163,BORREGAS
163,CAPONES
163,BORREGOS
163,CARNEROS
164,LANA SUCIA
164,OVEJAS
164,CAPONES
164,BORREGOS
164,BORREGAS
164,CARNEROS
165,GUANACOS
166,PARAMELA
167,VAQUILLONAS
167,VACAS
167,TOROS
167,TERNEROS
168,OVEJAS
168,BORREGAS
168,CORDEROS
168,CAPONES
168,CARNEROS
169,LANA SUCIA
169,CARNEROS
169,BORREGAS
169,CAPONES
169,BORREGOS
169,OVEJAS
170,CASSIS
170,FRAMBUESA
170,MORA
170,GROSELLA
170,SAUCO
171,FRAMBUESA
171,BOYSENBERRY
171,CASSIS
171,MORA
171,GUINDA
171,SAUCO
171,AVELLANO
171,CORINTO
172,CARNEROS
172,OVEJAS
172,CAPONES
172,CORDEROS
173,VACAS
174,MONTE
174,FRUTILLA
174,FRAMBUESA
174,GROSELLA
174,CORINTO
174,SAUCO
174,CEREZA
174,CAMPO NATURAL
174,GUINDAS
174,CASSIS
174,ZARZAMORA
174,ARANDANO
175,CAPONES
176,CARNEROS
176,LANA SUCIA
176,CAPONES
176,OVEJAS
176,BORREGAS
176,BORREGOS
176,CORDEROS
177,LANA SUCIA
177,OVEJAS
177,CAPONES
177,CARNEROS
177,BORREGOS
178,ROSA MOSQUETA
178,MORILLAS
178,HIPERICOM
179,FRAMBUESA
179,FRUTILLA
179,ROSA MOSQUETA
180,OVEJAS
180,LANA SUCIA
180,CAPONES
180,CARNEROS
180,BORREGAS
180,BORREGOS
181,VACAS
181,VAQUILLONAS
181,NOVILLOS
181,TERNEROS
181,TERNERAS
181,TOROS
182,OVEJAS
182,LANA SUCIA
182,BORREGAS
182,CAPONES
182,CARNEROS
183,OVEJAS
183,BORREGAS
183,BORREGOS
183,CAPONES
183,CARNEROS
184,LANA SUCIA
184,OVEJAS
184,CAPONES
184,CARNEROS
184,BORREGOS
184,BORREGAS
185,GIRASOL AO
185,SORGO BLANCO
185,MIJO
185,MAIZ PISINGALLO
185,LINO DORADO
186,MIEL + EXTRACCION DE MIEL
186,ESTAMPADO DE CERA
187,INCULTO
187,CAMPO NATURAL
187,MONTE
187,STEVIA
188,NARANJA
188,LIMON
188,MANDARINA
188,POMELO
189,MAIZ
189,LINO
190,LIMON
190,NARANJA
191,LINO?CEBADA?CENTENO?TRITICALE?SOJA-MAIZ?MOSTAZA
192,CAMPO NATURAL
192,MAIZ PISINGALLO
192,GIRASOL CONFITERO
193,ARROZ
194,NUEZ PECAN
194,STEVIA
194,FRUTALES
195,ARROZ
196,LINO DORADO
197,LINO DORADO
198,LINO MARRON
199,LINO MARRON
200,LINO MARRON
200,LINO DORADO
201,LIMON
201,NARANJA
202,TRIGO
202,SOJA
203,SOJA
203,MAIZ
204,ARROZ
205,SORGO
206,SORGO
207,CAMPO NATURAL
208,CAMPO NATURAL
209,CAMPO NATURAL
210,CAMPO NATURAL
211,CAMPO NATURAL
212,LINO
212,ARROZ
213,VACAS
213,VAQUILLONAS
213,TERNERAS
213,TOROS
213,TERNEROS
213,NOVILLOS
214,NARANJA
214,MANDARINA
214,LIMON
214,DURAZNO
214,CIRUELA
214,MAIZ
214,TOMATE
214,POMELO
215,AGRICULTURA
216,BANANO
216,MANGO
216,FRUTAS TROPICALES
217,POMELO
217,INCULTO
218,CAï¿½A DE AZUCAR
218,DESCANSO
219,CAï¿½A DE AZUCAR
220,CHIA (SALVIA HISPANICA L)
220,CAMPO NATURAL
221,CAï¿½A DE AZUCAR
221,MAIZ PISINGALLO
221,MAIZ
221,POROTO COLORADO
221,POROTO NEGRO
222,ALZA MELARIA
223,CHIA (SALVIA HISPANICA L)
223,MONTE
224,CAï¿½A DE AZUCAR
225,CAï¿½A DE AZUCAR
226,TRIGO
227,CAï¿½A DE AZUCAR
227,MONTE
228,CAï¿½A DE AZUCAR
228,INCULTO
229,CAï¿½A DE AZUCAR
230,CAï¿½A DE AZUCAR
230,INCULTO
231,SESAMO
231,POROTO NEGRO
231,MONTE
231,POROTO COLORADO
231,CHIA (SALVIA HISPANICA L)
232,GIRASOL
232,POROTO MUNG
233,COLMENAS
233,NUCLEOS
233,ALZA MELARIA
234,ALZA MELARIA
234,COLMENAS
234,NUCLEOS
235,VID
235,OLIVOS
236,VID
236,OLIVOS
237,VID
237,OLIVOS
238,JOJOBA
239,JOJOBA
240,MONTE
240,OLIVO
240,GRANADO
240,ALGARROBO
240,LAUREL
241,VID
242,VID
242,OLIVOS
243,VID
243,OLIVOS
244,VID
244,NOGALES
245,VID
245,OLIVOS
246,OLIVOS
247,VID
247,OLIVOS
248,OLIVOS
249,VID
249,OLIVOS
250,JOJOBA
251,VID
252,VD
252,OLIVOS
253,VID
254,VID
254,OLIVOS
255,VID
256,VID
256,OLIVOS
257,NOGALES
257,CASTAï¿½A
258,OLIVOS
258,VID
258,MELON
258,SANDIA
258,TOMATE
258,MAIZ
258,ZAPALLO
258,BATATA
259,VID
259,OLIVOS
260,OLIVOS
261,OLIVOS
262,VID
262,OLIVOS
263,VID
264,JOJOBA
265,VID
266,VID
267,DESCANSO
268,UVAS
269,VID
270,VID
271,VID
271,INCULTO
271,ALFALFA
272,UVAS
273,UVAS
274,INCULTO
274,NUEZ PECAN
274,HIGOS
274,VID
274,OLIVO
274,CIRUELA
274,CEREZA
274,PERA
274,MANZANA
274,DURAZNO
274,DAMASCO
275,VID
276,VID
276,DAMASCO
276,CIRUELA
276,INCULTO
276,OLIVO
276,DURAZNO
276,CAMPO NATURAL
277,DESCANSO
277,AJO
277,INCULTO
278,VID
279,UVAS
280,VID
281,VID
282,VID
283,UVAS
284,UVAS
285,UVAS
286,UVAS
287,UVAS
288,VID
289,VID
289,INCULTO
290,INCULTO
290,ABONO VERDE
290,CAMPO NATURAL
291,VID
292,CAï¿½A DE CASTILLA
293,CAï¿½A DE CASTILLA
294,CAï¿½A DE CASTILLA
295,VID
295,OLIVOS
296,VID
296,OLIVOS
297,AJO
297,ZAPALLO
298,UVAS
298,ACEITUNAS
299,INCULTO
299,ZAPALLO
299,ABONO VERDE
299,AJO
299,DESCANSO
299,CEBOLLA
299,PAPA
300,INCULTO
300,CIRUELA
300,ZAPALLO
300,OLIVO
300,TOMATE
301,VID
302,VID
303,HORTALIZAS
304,VID
305,UVAS
306,UVAS
307,UVAS
308,VID
309,DAMASCO
309,UVA DE MESA
309,INCULTO
310,VID
310,INCULTO
311,CENTENO
311,PASTIZAL NATURAL
312,VID
313,VID
314,VID
315,ACEITUNAS
316,UVAS
317,UVAS
318,CIRUELA
318,ACEITUNAS
318,FORESTALES
318,CAMPO NATURAL
319,VID
320,VID
321,VID
321,DAMASCO
322,VID
322,CAMPO NATURAL
323,ZAPALLO
323,DESCANSO
323,ZANAHORIA
324,UVAS
325,NOGAL
325,MONTE
325,INCULTO
326,VID
327,VID
328,CIRUELAS
328,ACEITUNAS
328,UVAS
329,VID
329,NUEZ
330,ACEITUNAS
330,UVAS
331,ACEITUNAS
331,CIRUELAS
331,DAMASCOS
331,NUECES
332,VID
333,VID
334,CIRUELA
334,INCULTO
334,DURAZNO
334,VID
334,OLIVO
334,CAMPO NATURAL
335,VID
335,INCULTO
335,CAMPO NATURAL
336,UVAS
337,UVAS PARA VINIFICAR
338,UVAS PARA VINIFICAR
339,UVAS PARA VINIFICAR
340,UVAS
341,VID
342,VID
342,OLIVOS
343,VID
343,NOGAL
343,INCULTO
344,VID
345,OLIVOS
345,DAMASCO
345,CIRUELA
346,VID
346,OLIVOS
347,INCULTO
347,OLIVO
347,VID
348,VID
348,OLIVOS
349,UVAS
350,UVAS
351,UVAS
352,UVAS
353,ABONO VERDE
353,AJO
354,UVAS
354,AROMATICAS
355,ESPARRAGO
356,VID
356,NOGAL
356,INCULTO
356,OLIVO
356,ALFALFA
357,VID
358,CIRUELA
358,INCULTO
358,CIRUELA DESECADA
359,AJO
359,CEBOLLA
359,CAMPO NATURAL
359,INCULTO
360,UVAS PARA VINIFICAR
360,UVAS FRESCAS (MESA)
361,VID
361,ACEITUNAS
361,INCULTO
362,CIRUELAS
362,UVAS
362,ACEITUNAS
363,VID
363,INCULTO
363,MEMBRILLO
364,CEREZA
365,ZAPALLO
365,CHOCLO
366,UVAS PARA VINIFICAR
367,VID
367,INCULTO
368,UVAS
369,UVAS
370,UVAS
371,VID
372,VID
373,VID
374,OLIVO
375,CIRUELA
375,VID
375,INCULTO
375,CAMPO NATURAL
376,VID
377,VID
378,VID
378,OLIVOS
379,VID
380,VINO
380,UVAS
380,ACEITUNAS
381,CAï¿½A DE AZUCAR
382,CAï¿½A DE AZUCAR
383,CAï¿½A DE AZUCAR
384,CAï¿½A DE AZUCAR
385,CAï¿½A DE AZUCAR
386,CAï¿½A DE AZUCAR
387,CAï¿½A DE AZUCAR
388,CAï¿½A DE AZUCAR
389,CAï¿½A DE AZUCAR
390,CAï¿½A DE AZUCAR
391,CAï¿½A DE AZUCAR
392,LIMON
392,MANDARINA
392,NARANJA
392,PONELO
392,ANANA
393,CAï¿½A DE AZUCAR
394,YERBA MATE
395,YERBA MATE
396,CAï¿½A DE AZUCAR
397,CAï¿½A DE AZUCAR
398,CAï¿½A DE AZUCAR
399,CAï¿½A DE AZUCAR
400,CAï¿½A DE AZUCAR
401,CAï¿½A DE AZUCAR
402,CAï¿½A DE AZUCAR
403,CAï¿½A DE AZUCAR
404,CAï¿½A DE AZUCAR
405,CAï¿½A DE AZUCAR
406,CAï¿½A DE AZUCAR
407,YERBA MATE
408,CAï¿½A DE AZUCAR
409,CAï¿½A DE AZUCAR
410,YERBA MATE
410,TE
411,CAï¿½A DE AZUCAR
412,CAï¿½A DE AZUCAR
413,CAï¿½A DE AZUCAR
414,CAï¿½A DE AZUCAR
415,CAï¿½A DE AZUCAR
416,CAï¿½A DE AZUCAR
417,CAï¿½A DE AZUCAR
418,CAï¿½A DE AZUCAR
419,CAï¿½A DE AZUCAR
420,CAï¿½A DE AZUCAR
421,CAï¿½A DE AZUCAR
422,CAï¿½A DE AZUCAR
423,CAï¿½A DE AZUCAR
424,CAï¿½A DE AZUCAR
425,CAï¿½A DE AZUCAR
426,CAï¿½A DE AZUCAR
427,CAï¿½A DE AZUCAR
428,CAï¿½A DE AZUCAR
429,CAï¿½A DE AZUCAR
430,CAï¿½A DE AZUCAR
431,CAï¿½A DE AZUCAR
432,CAï¿½A DE AZUCAR
433,CAï¿½A DE AZUCAR
434,CAï¿½A DE AZUCAR
435,CAï¿½A DE AZUCAR
436,YERBA MATE
437,CAï¿½A DE AZUCAR
438,CAï¿½A DE AZUCAR
439,CAï¿½A DE AZUCAR
440,CAï¿½A DE AZUCAR
441,CAï¿½A DE AZUCAR
442,CAï¿½A DE AZUCAR
443,CAï¿½A DE AZUCAR
444,CAï¿½A DE AZUCAR
445,CAï¿½A DE AZUCAR
446,CAï¿½A DE AZUCAR
447,CAï¿½A DE AZUCAR
448,CAï¿½A DE AZUCAR
449,YERBA MATE
450,CAï¿½A DE AZUCAR
451,CAï¿½A DE AZUCAR
452,CAï¿½A DE AZUCAR
453,CAï¿½A DE AZUCAR
454,CAï¿½A DE AZUCAR
455,CAï¿½A DE AZUCAR
456,CAï¿½A DE AZUCAR
457,CAï¿½A DE AZUCAR
458,CAï¿½A DE AZUCAR
459,CAï¿½A DE AZUCAR
460,CAï¿½A DE AZUCAR
461,CAï¿½A DE AZUCAR
462,CAï¿½A DE AZUCAR
463,CAï¿½A DE AZUCAR
464,YERBA MATE
465,CAï¿½A DE AZUCAR
466,CAï¿½A DE AZUCAR
467,CAï¿½A DE AZUCAR
468,CAï¿½A DE AZUCAR
469,CAï¿½A DE AZUCAR
470,YERBA MATE
471,TE
471,YERBA MATE
472,CAï¿½A DE AZUCAR
473,CAï¿½A DE AZUCAR
474,SIN PROD.
475,TE
476,CAï¿½A DE AZUCAR
477,YERBA MATE
478,CAï¿½A DE AZUCAR
479,CAï¿½A DE AZUCAR
480,CAï¿½A DE AZUCAR
481,CAï¿½A DE AZUCAR
482,YERBA
482,CAï¿½A DE AZUCAR
482,MANDIOCA
482,AROMATICAS
482,MEDICINALES
483,CAï¿½A DE AZUCAR
484,CAï¿½A DE AZUCAR
485,CAï¿½A DE AZUCAR
486,YERBA
486,TE
486,POMELO
486,QUINOTO
486,MANDARINA
486,NARANJA.
487,CAï¿½A DE AZUCAR
488,CAï¿½A DE AZUCAR
489,TE
489,YERBA MATE
490,CAï¿½A DE AZUCAR
491,CAï¿½A DE AZUCAR
492,CAï¿½A DE AZUCAR
493,CAï¿½A DE AZUCAR
494,CAï¿½A DE AZUCAR
495,CAï¿½A DE AZUCAR
496,CAï¿½A DE AZUCAR
497,CAï¿½A DE AZUCAR
498,CAï¿½A DE AZUCAR
499,CAï¿½A DE AZUCAR
500,CAï¿½A DE AZUCAR
501,CAï¿½A DE AZUCAR
502,CAï¿½A DE AZUCAR
503,CAï¿½A DE AZUCAR
504,CAï¿½A DE AZUCAR
505,CAï¿½A DE AZUCAR
506,MONTE
506,YERBA MATE
506,CAPUERA
506,TE
507,YERBA MATE
508,CAï¿½A DE AZUCAR
509,CAï¿½A DE AZUCAR
510,CAï¿½A DE AZUCAR
511,CAï¿½A DE AZUCAR
512,CAï¿½A DE AZUCAR
513,CAï¿½A DE AZUCAR
514,CAï¿½A DE AZUCAR
515,CAï¿½A DE AZUCAR
516,CAï¿½A DE AZUCAR
517,CAï¿½A DE AZUCAR
518,YERBA MATE
519,CAï¿½A DE AZUCAR
520,CAï¿½A DE AZUCAR
521,CAï¿½A DE AZUCAR
522,CAï¿½A DE AZUCAR
523,CAï¿½A DE AZUCAR
524,CAï¿½A DE AZUCAR
525,CAï¿½A DE AZUCAR
526,CAï¿½A DE AZUCAR
527,CAï¿½A DE AZUCAR
528,CAï¿½A DE AZUCAR
529,CAï¿½A DE AZUCAR
530,CAï¿½A DE AZUCAR
531,YERBA MATE
532,CAï¿½A DE AZUCAR
533,CAï¿½A DE AZUCAR
534,CAï¿½A DE AZUCAR
535,CAï¿½A DE AZUCAR
536,CAï¿½A DE AZUCAR
537,CAï¿½A DE AZUCAR
538,CAï¿½A DE AZUCAR
539,CAï¿½A DE AZUCAR
540,POROTO SABLE
540,STEVIA
540,YERBA MATE
541,CAï¿½A DE AZUCAR
542,CAï¿½A DE AZUCAR
543,CAï¿½A DE AZUCAR
544,CAï¿½A DE AZUCAR
545,CAï¿½A DE AZUCAR
546,CAï¿½A DE AZUCAR
547,CAï¿½A DE AZUCAR
548,CAï¿½A DE AZUCAR
550,CAï¿½A DE AZUCAR
551,CAï¿½A DE AZUCAR
552,CAï¿½A DE AZUCAR
553,CAï¿½A DE AZUCAR
554,CAï¿½A DE AZUCAR
555,CAï¿½A DE AZUCAR
556,CAï¿½A DE AZUCAR
557,YERBA MATE
557,STEVIA
557,ANANA
557,MANDARINA
558,CAï¿½A DE AZUCAR
559,CAï¿½A DE AZUCAR
560,CAï¿½A DE AZUCAR
561,VAQUILLONAS
561,TERNEROS
561,TOROS
561,VACAS
562,CAï¿½A DE AZUCAR
563,MANZANA
563,PERA
564,CIRUELA
564,DURAZNO
565,MANZANA
565,PERA
566,MANZANA
566,PERA
567,MANZANA
567,VIVERO
568,PERA
568,MANZANA
568,CIRUELA
569,MANZANA
569,PERA
569,CIRUELA
570,MANZANA
570,PERA
570,CIRUELA
571,MANZANAS
571,PERAS
572,MANZANA
572,PERA
573,MANZANA
574,MANZANA
574,PERA
575,MANZANA
575,PERA
576,MANZANA
576,PERA
577,MANZANA
578,MANZANA
578,PERA
579,MANZANA
579,PERA
580,PERA
581,MANZANA
581,PERA
582,MANZANA
582,PERA
583,PERA
584,MANZANA
584,PERA
585,MANZANA
585,PERA
586,MANZANA
586,PERA
586,CEREZA
586,VIVERO
587,MANZANA
587,PERA
588,MANZANA
588,PERA
589,PERA
590,MANZANA
590,PERA
591,MANZANA
591,PERA
592,MANZANA
592,PERA
592,CEREZA
592,DURAZNO
592,DAMASCO
593,MANZANA
593,PERA
593,CIRUELA
594,MANZANA
595,PERA
596,MANZANA
596,PERA
597,PERA
598,MANZANA
598,PERA
599,MANZANA
599,PERA
600,MANZANA
600,PERA
601,PERA
601,MANZANA
601,CIRUELA
602,MANZANA
602,PERA
603,PERA
603,CIRUELA
604,CEREZA
605,PERA
605,MANZANA
606,PERA
606,MANZANA
607,PERA
607,MANZANA
608,CERELAES
608,OELAGINOSAS
608,MEGAFARDOS DE ALFALFA.
609,PERA
609,MANZANA
610,PERA
610,MANZANA
610,PELON
610,DURAZNO
611,PERA
611,MANZANA
612,MANZANA
613,MANZANA
613,PERA
614,MANZANAS
615,MANZANAS
615,PERAS
616,VID
617,VID
618,VID
619,VID
620,VID
621,MANZANA
621,PERA
622,VACAS
622,VAQUILLONAS
622,TOROS
623,PERA
624,MANZANA
624,PERA
625,GANADERIA BOVINA
625,GANADERIA OVINA (CARNE
625,LANA)
626,MANZANAS
626,PERAS
627,MANZANAS
627,PERAS
628,MANZANAS
628,PERAS
629,MANZANAS
629,PERAS
630,MANZANAS
630,PERAS
631,MANZANAS
631,PERAS
632,MANZANAS
632,PERAS
633,MANZANA
633,PERA
634,MANZANA
634,PERA
634,CIRUELA
634,PELON
635,PERA
635,MANZANA
636,PERA
636,MANZANA
636,VID
637,MANZANAS
637,PERAS
638,PERA
639,PERA
640,MANZANA
640,PERA
641,PERAS
641,MANZANAS
642,PERAS
642,MANZANAS
643,PERAS
643,MANZANAS
644,PERAS
644,MANZANAS
645,PERAS
645,MANZANAS
646,PERA
646,MANZANA
646,DURAZNO
647,PERA
648,MANZANA
648,PERA
649,MANZANA
649,PERA
650,MANZANAS
650,PERAS
651,PERA
651,MANZANA
651,INCULTO
652,PERA
652,MANZANA
653,PERA
653,MANZANA
654,MANZANA
654,PERA
655,FRAMBUESA
655,DESCANSO
655,ARANDANO
655,ZARZAMORA
655,MONTE
655,INCULTO
655,CEREZA
655,CORINTO
655,CASSIS
655,GROSELLA
655,MEMBRILLO
656,MANZANA
656,PERA
657,MANZANA
657,PERA
658,MANZANA
658,PERA
659,PERAS
659,MANZANAS.
660,MANZANA
661,PERA
662,MANZANA
662,PERA
663,BORREGAS
663,OVEJAS
663,BORREGOS
663,CARNEROS
663,CAPONES
664,MANZANA
664,PERA
664,NOGAL
665,MANZANAS
665,PERAS
666,MANZANA
666,PERA
666,CIRUELA
667,MANZANA
667,PERA
668,MANZANA
668,PERA
669,MANZANA
669,PERA
670,MANZANA
670,PERA
671,PERAS
672,MANZANAS
672,PERAS
673,MANZANA
673,PERA
674,PERA
675,MANZANA
675,PERA
677,MANZANA
677,PERA
678,MANZANA
678,PERA
679,MANZANA
679,PERA
680,MANZANA
680,PERA
681,MANZANA
681,PERA
682,MANZANAS
683,MANZANAS
683,PERAS
684,MANZANA
684,PERA
685,MANZANA
685,PERA
686,MANZANA
686,PERA
687,MANZANAS
687,PERAS
688,PERAS
688,MANZANAS
689,MANZANA
689,PERA
690,MANZANA
690,PERA
691,MANZANA
691,PERA
692,MANZANA
692,PERA
693,MANZANA
693,PERA
694,MANZANAS
694,PERAS
695,MANZANAS
695,PERAS
696,PERA
696,MANZANA
696,CEREZA
697,MANZANA
697,PERA
698,MANZANA
698,PERA
699,MANZANA
699,PERA
700,MANZANA
700,PERA
701,MANZANAS
701,PERAS
702,MANZANAS
702,PERAS
703,MANZANA
703,PERA
704,UVAS
705,MANZANZA
705,PERA
705,DURAZNO
705,CIRUELA
706,MANZANA
706,PERA
707,MANZANA
707,PERA
708,MANZANA
708,PERA
709,MANZANA
709,PERA
710,CHIA (SALVIA HISPANICA L)
710,SOJA
710,POROTO
711,CEREALES
711,OLEAGINOSAS
711,LEGUMINOSAS
712,AROMATICAS
712,PASTOS NATURALES E IMPLANTADOS
713,SESAMO
713,CHIA (SALVIA HISPANICA L)
714,VID
715,CHIA (SALVIA HISPANICA L)
715,MAIZ PISINGALLO
715,CAMPO NATURAL
716,CHIA (SALVIA HISPANICA L.)
717,DESCANSO
718,SESAMO
718,CHIA
719,BOVINOS
719,NUECES
720,CAMPO INCULTO
721,INCULTO
722,CHIA (SALVIA HISPANICA L.)
723,CHIA (SALVIA HISPANICA L)
724,CHIA (SALVIA HISPANICA L)
724,POROTO
724,CAPUERA
725,ALFALFA
726,VID
727,VID
728,CHIA
729,CHIA
730,UVAS
730,QUINOA
731,ESPARRAGO
731,ZAPALLO ANCO
731,ALAMO
732,VID
733,VID
734,UVA DE MESA
734,INCULTO
734,PASAS DE UVA
735,UVA
735,INCULTO
735,PASAS DE UVA
735,CAMPO NATURAL
736,VID
737,MOSTAZA
737,MEMBRILLO
737,ZAPALLO
737,MENTA
737,SALVIA
737,MELISA
737,AJENJO
737,CIBOULETTE
737,CEDRON
737,ROMERO
737,AZAFRAN
737,AJI
737,OREGANO
737,LAVANDA
737,NOGAL
737,MATICO
737,ESTRAGON
737,TOMATE
737,ALFALFA
737,MONTE
737,INCULTO
738,VID
738,OLIVOS
739,OLIVOS
740,VID
741,VID
741,MELON
742,AJO
743,UVA
743,VID
743,ACEITUNAS
743,MANZANA
743,PERA
743,ALMENDRAS
743,NUEZ
743,CIRUELA
743,DURAZNO
743,DAMASCO
743,HIGOS
743,POMELO
743,LIMON
743,MANDARINA
743,NARANJA
743,LIMA
743,ACELGA
743,INCULTO
743,MEMBRILLO
743,CEREZA
743,AVELLANAS
743,BROCOLI
743,ESPINACA
743,LECHUGA
743,REMOLACHA
743,MONTE
744,VID
745,ZAPALLO
745,ESPARRAGOS
746,ESPARRAGOS
747,ESPARRAGOS
747,BROCOLI
747,REPOLLO
748,ESPARRAGOS
748,BROCOLI
748,REPOLLO
749,ESPARRAGOS
749,ALCAUCIL
750,ESPARRAGOS
750,INCULTO
751,VID
751,DURAZNO
751,TOMATE PERITA
752,VID
753,VID
754,VID
754,PASAS DE UVA
754,PISTACHO
754,OLIVO
754,CAMPO NATURAL
755,VID
756,PASTURA NATURAL
757,VACAS
757,TERNERAS
757,TERNEROS
757,TOROS
757,VAQUILLONAS
758,OREGANO
758,TOMILLO
758,ROMERO
758,LAVANDA
758,MENTA
758,MAIZ
758,ZAPALLO ANCO
759,ZAPALLO
759,FRAMBUESA
759,MONTE
759,AJO
759,CEBOLLA
759,INCULTO
760,SIN PROD.
761,LANA SUCIA
761,OVEJAS
761,BORREGOS
761,BORREGAS
761,CAPONES
761,CARNEROS
762,GANADERIA BOVINA
762,GANADERIA OVINA (CARNE
762,LANA)
763,LANA SUCIA
763,OVEJAS
763,CORDEROS
763,BORREGAS
763,CARNEROS
764,OVEJAS
764,CAPONES
764,BORREGOS
764,CARNEROS
765,TRUCHA ARCO IRIS
766,VAQUILLONAS
766,VACAS
766,TERNEROS
767,OVEJAS
767,BORREGAS
767,BORREGOS
767,CAPONES
767,CARNEROS
768,LANA SUCIA
768,OVEJAS
768,CARNEROS
768,BORREGOS
768,BORREGAS
768,CAPONES
769,TRIGO
769,SORGO
770,HIGOS
770,GRANADAS
770,PALTAS
771,MIEL
772,TRIGO
772,SOJA
773,PASTOS NATURALES
774,FRUTICULTURA
774,HORTICULTURA
774,AROMATICAS
774,MEDICINALES; DULCES
775,MIEL
775,SUBPRODUCTOS DE LA COLMENA
776,MIEL
777,MIEL + EXTRACCION
777,FRACCIONAMIENTO DE MIEL
778,MIEL
779,HORTALIZAS DE HOJA
779,RAIZ
779,FRUTO
779,CONGELADO DE FRUTILLAS
780,CEREALES
780,OLEAGINOSAS
780,LEGUMINOSAS
781,MIEL
781,SUBPRODUCTOS DE LA COLMENA
782,MIEL
782,SUBPRODUCTOS DE LA COLMENA
783,MIEL
783,SUBPRODUCTOS DE LA COLMENA
784,HORTALIZAS DE HOJAS
784,FRUTOS
784,AROMATICAS
785,MIEL
785,SUBPRODUCTOS DE LA COLMENA
786,CHIA
787,MIEL
787,SUBPRODUCTOS DE LA COLMENA
788,ARANDANO
789,INCULTO
789,ARANDANO
790,ARANDANO
790,FRUTILLA
791,ARANDANO
791,INCULTO
791,FRAMBUESA
792,ARANDANO
792,MORA
793,ARANDANO
793,INCULTO
794,ARANDANO
794,INCULTO
794,MONTE
795,CHIA (SALVIA HISPANICA L)
795,POROTO NEGRO
795,GARBANZO
796,LIMON
797,ARANDANO
797,INCULTO
798,INCULTO
798,ARANDANO
799,ARANDANO
799,FRUTILLA
799,INCULTO
800,CHIA (SALVIA HISPANICA L.)
801,LIMON
802,ARANDANO
802,INCULTO
802,PASTIZAL NATURAL
803,PALTA
803,LIMON
803,NARANJA
803,MANDARINA
803,INCULTO
804,CHIA
805,ARANDANO
805,INCULTO
806,VACAS
806,TOROS
806,VAQUILLONAS
806,TERNERAS
806,NOVILLOS
807,VACAS
807,TOROS
807,TERNEROS
807,VAQUILLONAS
808,MIEL
809,MIEL
810,CHIA (SALVIA HISPANICA L)
811,NUEZ PECAN
812,ACEITE DE GIRASOL
812,ACEITE DE COLZA
812,EXPELLER DE GIRASOL
812,EXPELLER DE COLZA
812,HARINA DE COLZA
813,SOJA
813,GIRASOL
813,HARINA SOJA
813,HARINA GIRASOL
813,ACEITE DE SOJA
813,ACEITE DE GIRASOL
813,COLZA
813,HARINA DE COLZA
813,ACEITE DE COLZA
813,GARBANZO
814,CEREALES
814,OLEAGINOSAS
815,FRUTAS
815,FRUTAS IQF
816,YERBA MATE
817,ACEITE DE GIRASOL
817,HARINA DE TRIGO
818,YERBA MATE
818,TE
819,MIEL
819,CERA
820,TRIGO
821,KIWIS
822,CHUFA
823,SOJA
823,MAIZ
823,MAIZ PISINGALLO
823,GIRASOL
823,TRIGO
823,SORGO
823,ARVEJA
823,CEBADA
823,LINO
824,GALLETA DE ARROZ
824,REBOZADOR DE ARROZ
824,HARINA DE ARROZ
824,ARROZ
824,MAIZ
824,LINO
824,GIRASOL
825,SORGO
825,LINO
825,SOJA
825,MAIZ
825,MAIZ PISINGALLO
825,GIRASOL
825,COLZA CANOLA
825,ACEITE DE SOJA
825,ACEITE DE GIRASOL
825,EXPELLER DE GIRASOL
825,ACEITE DE COLZA CANOLA
825,EXPELLER DE COLZA CANOLA
825,ACEITE DE CARTAMO
825,EXPELLER DE CARTAMO
826,MIEL
826,CERA
827,MIEL
827,SUBPRODUCTOS DE LA COLMENA.
828,CHIA (SALVIA HISPANICA L.)
828,SESAMO
829,KIWIS
830,MAIZ
830,GIRASOL
830,SOJA
830,CANOLA
831,GIRASOL
831,SOJA
831,MAIZ
831,CANOLA
832,TOFU
833,MIEL.
834,AVENA ARROLLADA
835,GIRASOL
835,SOJA
835,MAIZ
835,MAIZ PISINGALLO
835,CANOLA
836,MAIZ
836,MAIZ PISINGALLO
836,SOJA
836,GIRASOL
836,CANOLA
836,TRIGO
836,CEBADA
837,ACEITE DE SOJA
837,ACEITE DE GIRASOL
837,ACEITES DE COLZA
837,HARINA DE SOJA
837, EXPELLER DE GIRASOL
837,EXPELLER DE CANOLA
838,HARINA DE MAIZ
838,HOMINY GRITS
838,MAIZ PISINGALLO
838,SEMOLA DE MAIZ
838,SEMITA DE MAIZ
838,HARINA ZOOTECNICA
839,GIRASOL ALTO OLEICO
839,SOJA
839,MAIZ
839,GIRASOL
839,CANOLA
839,GARBANZO
840,SEMILLAS
840,HARINAS
840,ACEITES
841,MIEL
842,ACEITE DE GIRASOL ALTO OLEICO
843,VINO
844,ACEITE DE OLIVA
845,ACEITE DE OLIVA
846,ACEITE ESENCIAL DE GERANIO
846,ACEITE ESENCIAL DE OREGANO
846,ACEITE ESENCIAL DE LEMONGRASS
847,ACEITE DE OLIVA
848,MANI.
849,MANI.
850,ESPARRAGOS
851,MANI.
852,MANI
852,MANI CONFITERIA
852,MANI FRITO SALADO
852,MANI TOSTADO
852,PASTA DE MANI
852,HARINA DE MANI
852,ACEITE DE MANI
853,ACEITUNAS
853,ACEITE DE OLIVA
854,SOJA
854,MANI
854,ACEITE DE SOJA
854,ACEITE DE MANI
854,EXPELLER DE SOJA
854,HARINA DE MANI
855,MANI
855,SOJA.
856,MIEL
856,CERA
857,ARROZ
858,ARROZ
859,MIEL
859,CERA
860,ROSA MOSQUETA
860,CASCARILLA DE ROSA MOSQUETA
860,ACEITE DE ROSA MOSQUETA
861,CONFITURAS
861,FRUTAS AL NATURAL (FRAMBUESAS
861,FRUTILLAS
861,CASSIS
861,SAUCO
861,CEREZAS
861,ROSA MOSQUETA
861,MORA
861,ARANDANOS
861,FRUTOS DEL BOSQUE)
862,BLOUSSE (PUNCHAS)
862,LANA PEINADA
862,LANA LAVADA
863,ACEITE DE PARAMELA
864,LANA SUCIA
864,LANA LAVADA
864,TOPS DE LANA
865,TOPS DE LANA
865,LANA LAVADA
866,ELAB ACEITE ROSA MOSQUETA
867,ELAB ACEITE ROSA MOSQUETA
868,ALGAS MARINAS
868,EXTRACTO DE ALGAS LIOFILIZADO
869,EXTRACTO DE ALGAS LIOFILIZADO
870,LANA SUCIA
871,MIEL + EXTRACCION DE MIEL
871,ESTAMPADO DE CERA
872,MIEL
873,ARROZ.
874,CHIA
874,TRIGO
874,LINO
874,ARROZ
874,SORGO
875,SORGO
875,GIRASOL
875,MIJO
875,LINO
875,ARROZ
875,TRIGO
875,HARINA
875,SEMOLA DE ARROZ
876,ARROZ
877,MANDARINA
877,LIMON
877,NARANJA
877,DURAZNO
877,CIRUELA
877,AJO
877,POMELO
877,SANDIA
877,ZAPALLO
878,ACEITE ESENCIAL DE LIMON
878,JUGO CONCENTRADO DE LIMON
878,PULPA CONGELADA DE LIMON
878,ACEITE DE MANDARINA
878,JUGO CONCENTRADO DE MANDARINA
878,ACEITE ESENCIAL DE POMELO
878,ACEITE ESENCIAL DE NARANJA
878,JUGO CONCENTRADO DE NARANJA
878,PULPA CONGELADA DE NARANJA
878,JUGO CONCENTRADO CONGELADO DE POMELO
878,PULPA CONGELADA DE POMELO
878,PULPA CONCENTRADA DE MANDARINA
879,AZUCAR DE CAï¿½A
880,AZUCAR DE CAï¿½A
881,SEMILLA DE JOJOBA
881,ACEITE DE JOJOBA
882,ACEITE DE OLIVA
883,VINO
883,ACEITE DE OLIVA
884,UVA PASA
885,ACEITE DE JOJOBA
885,ACEITE DE CHIA
886,ACEITE DE OLIVA
886,ACEITE DE OLIVA SABORIZADO
887,PASAS DE UVA
888,UVA PASA
889,OLIVA
890,VINO
891,AJO
891,ZAPALLO
892,VINO
893,VINO
894,ZAPALLO
894,AJO
895,VINO
896,VINO - PINOT GRIS
896,MALBEC 2015
897,VINO
898,VINO
899,VINO
900,VINO
901,AJO
902,VINO
903,CIRUELAS SECAS
904,VINO
905,VINO
906,VINO
907,VINO
908,VINO
909,VINO
910,VINO
911,VINO
912,VINO
913,VINO
914,VINO
915,VINO
916,VINO
917,JUGO DE UVA
918,VINOS
918,ESPUMANTES
919,ACEITUNAS
919,CIRUELAS
919,DAMASCOS
919,NUECES
920,VINO
921,VINO
922,VINO
923,VINO
924,VINO
924,MOSTO
925,VINO
926,VINO
927,VINO
927,JUGO DE UVA
928,CIRUELA DESECADA
929,ESPARRAGOS
930,VINO
931,VINO
932,AJO
933,CIRUELA DESECADA
934,VINO
935,CIRUELAS DESECADAS
936,VINO
937,ACEITE DE OLIVA
938,VINO
939,JUGO DE UVA CONCENTRADO BLANCO
940,VINO
941,VINO
941,UVAS
941,ACEITUNAS
942,YERBA MATE
943,YERBA MATE
943,TE
944,YERBA MATE
945,YERBA MATE CANCHADA
945,MOLIDA ENVASADA
946,MATE COCIDO
946,YERBA MATE
946,TE
947,AZUCAR DE CAï¿½A
948,YERBA MATE
949,YERBA MATE
950,TE
950,TE SABORIZADO
950,YERBA MATE
951,YERBA MATE
952,YERBA MATE
953,TE
954,CEREZAS
955,PERA
955,MANZANA
956,PERA
956,MANZANA
957,PERA
957,MANZANA
958,JUGO CONCENTRADO DE MANZANA
958,PERA
958,AROMAS DE PERA
958,MANZANA
958,JUGO CONCENTRADO TURBIO DE PERA
958,MANZANA
958,PASTA DE PERA
958,MANZANA
959,AROMAS DE  MANZANA
959,AROMAS DE PERA
959,JUGO CONCENTRADO DE MANZANA
959,JUGO CONCENTRADO DE PERA
960,PERA
960,MANZANA
960,CIRUELA
960,DURAZNO
961,PERA
961,CEREZA
961,ZAPALLO
961,MANZANA
961,DURAZNO
961,CIRUELA
962,PERA
962,MANZANA
963,CEREZA
964,PERA
964,MANZANA
964,CIRUELA
965,MANZANAS
965,PERAS
966,MANZANAS
966,PERAS
967,ZAPALLO
967,MANZANA
967,PERA
967,CIRUELA
967,DURAZNO
967,NECTARINAS 
968,MANZANA
968,PERA
968,CIRUELA
968,DURAZNO
968,NECTARINAS
969,PULPA
969,JUGO DE MANZANA
969, MANZANA DESHIDRATADA
970,JUGO CONCENTRADO DE PERA
970,JUGO CONCENTRADO DE MANZANA
970,SIDRA
971,PERA
971,MANZANA
972,JUGO CONCENTRADO DE PERA
972,MANZANA
973,PERAS
973,MANZANAS
974,MANZANAS
974,PERAS
975,PERAS
975,MANZANAS
976,MANZANAS
976,PERAS
977,PERA
977,MANZANA
977,CIRUELA
977,DURAZNO 
978,PERA
978,MANZANA
978,CIRUELA.
979,PERA
979,MANZANA
979,CIRUELA
979,DURAZNO
980,PERA
980,MANZANA
980,CIRUELA 
981,PERA
982,NUECES
982,NUEZ SECA PELADA
982,NUEZ SECA CON CASCARA
983,CHIA (SALVIA HISPANICA L.)
984,CHIA
984,SESAMO
985,CEREALES
985,OLEAGINOSAS.
986,AZUCAR DE CAï¿½A
986,ALCOHOL
986,SYRUP
986,MELAZA
987,UVA PASA
988,JUGO DE UVA
989,JUGO CONCENTRADO DE UVA
990,VINO
991,AJO
991,ZAPALLO
992,VINO
993,MOSTO CONCENTRADO DE UVA
994,ZAPALLO
994,ESPARRAGOS
995,PASAS DE UVA
996,UVA PASA
997,JUGO CONCENTRADO DE UVA
998,JUGO DE ALOE VERA
998,JUGO DE ALOE VERA SABORIZADO
998,GEL DE ALOE VERA
999,EXTRACCION
999,FRACCIONAMIENTO DE MIEL
1000,FRUTICULTURA
1000,HORTICULTURA
1000,AROMATICAS
1000,MEDICINALES; DULCES
1001,CORTES DE CARNE VACUNA ENFRIADA
1001,CORTES DE CARNE VACUNA CONGELADA
1002,HORTALIZAS DE HOJA
1002,RAIZ
1002,FRUTO
1002,CONGELADO DE FRUTILLAS
1003,MIEL
1003,SUBPRODUCTOS DE LA COLMENA.
1004,ARANDANO
1005,JUGO
1005,ACEITE DE LIMON
1006,LIMON
1007,ARANDANO
1007,ARANDANO CONGELADO
1008,ARANDANO CONGELADO
1008,FRAMBUESA CONGELADA
1009,ARANDANO
1010,ARANDANO
1010,ARANDANO CONGELADO
1010,FRAMBUESA CONGELADA
1010,MORAS CONGELADAS
1011,CHIA (SALVIA HISPANICA L.)
1012,ARANDANO
1013,LIMON
1013,MANDARINA
1013,NARANJA
1013,PALTA
1014,FRUTILLA CONGELADA
1014,ARANDANO CONGELADO
1015,ARANDANO
1016,ARANDANO
1017,VINO
1018,TORTA DE SOJA
1018,CHIA
1018,HARINA DE COLZA
1018,ARROZ
1018,CENTENO
1018,LINO
1018,SORGO
1018,AVENA
1018, ACEITE DE GIRASOL
1018,ACEITE DE SOJA
1018,HARINA DE GIRASOL
1018,HARINA DE SOJA
1018,TRIGO
1018,GARBANZO
1018,SOJA
1018,GIRASOL
1018,HARINA DE SOJA
1018,COLZA
1018,ACEITE DE COLZA
1018,MAIZ
1018,CARTAMO
1018,CEBADA
1018,MIJO
1019,MIEL
1020,GIRASOL
1020,LINO
1020,MAIZ
1020,MAIZ PISINGALLO
1020,SOJA
1020,TRIGO
1020,GARBANZO
1021,CHIA (SALVIA HISPANICA L.)
1022,LANA LAVADA
1022,LANA SUCIA
1022,TOPS DE LANA
1023,ACEITE DE JOJOBA
1024,CEREALES
1024,OLEAGINOSAS
1024,OTROS PRODUCTOS ORGANICOS.
1025,PULPA CONCENTRADA DE CIRUELA
1025,PURE DE PERA CONCENTRADO
1025,PURE DE DAMASCO CONCENTRADO
1025,PURE DE DAMASCO
1025,ZAPALLO
1025,PULPA DE DAMASCO
1025,ZANAHORIA
1025,PULPA CONCENTRADA DE DURAZNO
1025,PURE DE ZANAHORIA
1025,PURE DE DURAZNO
1025,PULPA DE MANZANA
1025,PULPA DE ZANAHORIA
1025,PULPA DE ZAPALLO
1025,MANZANA
1025,PULPA CONCENTRADA DE DAMASCO
1025,PURE DE MANZANA CONCENTRADO
1025,DURAZNO
1025,PULPA DE DURAZNO
1025,PERA
1025,PURE DE PERA
1025,PURE DE DURAZNO CONCENTRADO
1025,CIRUELA
1025,PULPA DE PERA
1025,BATATA
1025,DAMASCO
1025,PURE DE ZAPALLO
1025,PURE DE BATATA
1025,PULPA CONCENTRADA DE PERA
1025,PULPA DE CIRUELA
1025,PULPA CONCENTRADA DE MANZANA
1025,PURE DE MANZANA
1026,ACEITE DE JOJOBA
1027,ARROZ
1028,GRANOS
1029,GIRASOL
1029,SOJA
1029,MAIZ
1030,MIEL.
1031,MIEL.
1032,ARANDANO
1032,MANZANA
1032,PERA
1032,CEREZA
1032,ACEITE DE OLIVA
1032,ACEITUNAS
1032,CIRUELA
1033,CHIA (SALVIA HISPANICA L.)
1034,CHIA
1035,CHOCOLATE
1036,PERA
1036,MANZANA
1037,GIRASOL
1037,ACEITE DE COLZA CANOLA
1037,ARROZ
1037,VINO
1037,MAIZ
1037,NUEZ
1037,ACEITE DE SOJA
1037,ACEITUNAS
1037,CHIA (SALVIA HISPANICA L.)
1037,CIRUELA
1037,ACEITE DE GIRASOL
1037,ACEITE DE OLIVA
1037,LINO
1037,PASAS DE UVA
1038,TRIGO
1038,SOJA
1038,MAIZ
1038,MAIZ PISINGALLO
1038,SORGO
1038,CANOLA
1038,GIRASOL
1038,ALCOHOL
1039,AJO
1039,CEBOLLA
1039,ZAPALLO
1040,CARNE VACUNA
1041,ARROZ
1041, LINO
1041,ACEITE DE OLIVA
1041,HARINA DE MAIZ
1041,MAIZ
1041,MIJO
1041,TRIGO
1041,CENTENO
1041,CIRUELA DESHIDRATADA CON CAROZO
1041,MANZANA DESHIDRATADA
1042,CIRUELA
1042,MANZANA
1042,PERA
1042,ARANDANO
1043,PERA
1043,MANZANA
1044,LANA SUCIA
1045,CEREALES
1045,OLEAGINOSAS
1045,OTROS PRODUCTOS ORGANICOS.
1046,EXPELLER DE GIRASOL
1046,GIRASOL
1046,ACEITE DE GIRASOL
1046,ACEITE DE CANOLA
1047,CIRUELA DESHIDRATADA
1048,TRIGO
1049,ARANDANO
1049,ARANDANO CONGELADO
1050,PRODUCTOS ORGANICOS DE ORIGEN ANIMAL
1050,VEGETAL.
1051,CEREALES
1051,OLEAGINOSAS
1052,CEREALES
1052,OLEAGINOSAS
1052,OTROS PRODUCTOS ORGANICOS.
1053,ACEITE DE OLIVA
1054,COMERCIALIZACION DE CEREALES
1054,OLEAGINOSAS
1055,MIEL
1055,SUBPRODUCTOS DE LA COLMENA.
1056,MANI
1056,MANI CONFITERIA
1056,MANI FRITO SALADO
1056,MANI TOSTADO
1056,ACEITE DE MANI
1056,PASTA DE MANI
1056,HARINA DE MANI
1057,MANI
1058,MANI
1059,COMERCIALIZACION DE MANI
1059,SUS DERIVADOS.
1060,MANI
1060,MANI CONFITERIA
1060,MANI FRITO SALADO
1060,MANI TOSTADO
1060,ACEITE DE MANI
1060,HARINA DE MANI
1060,PASTA DE MANI
1061,MANI 
1062,MANI
1063,MANI
1063,SOJA
1064,CEREALES
1064,OLEAGINOSAS
1065,LANA SUCIA
1065,LANA PEINADA
1066,AJO
1066,ZAPALLO
1067,VINO
1067,MOSTO
1068,ACEITE DE OLIVA
1069,SEMILLA DE LECHUGA
1069,SEMILLA DE CEBOLLA
1070,PULPA CONCENTRADA DE DAMASCO
1070,PULPA CONCENTRADA DE MANZANA
1070,PULPA CONCENTRADA DE PERA
1070,PULPA CONCENTRADA DE CIRUELA
1071,AJO
1071,ZAPALLO
1072,ACEITE DE OLIVA
1073,VINO
1073,VINO ESPUMANTE
1074,VINO
1075,ROSELLA
1075,STEVIA
1075,TE
1075,TE NEGRO
1075,TE VERDE
1075,YERBA MATE
1075,TE ROJO
1076,YERBA MATE
1077,YERBA MATE
1078,CIRUELA
1078,DURAZNO
1078,CEREZA
1078,MANZANA
1078,PERA
1078,ZAPALLO
1079,PERAS
1079,MANZANAS
1079,DURAZNOS
1079,CEREZA
1079,CIRUELAS
1079,ZAPALLO
1080,JUGO CONCENTRADO
1080,PURE DE PERA
1081,MANZANAS
1081,PERAS
1082,MANZANAS
1082,PERAS
1082,UVAS
1082,ARANDANOS
1083,CEREALES
1083,OLEAGINOSAS
1084,CEREALES
1084,OLEAGINOSAS
1085,CHIA (SALVIA HISPANICA L)
1085,TRIGO
1085,QUINOA
1086,MIEL
1086,SUBPRODUCTOS DE LA COLMENA
1087,AZUCAR DE CAï¿½A
1088,CHIA (SALVIA HISPANICA L.)
1088,POROTO
1088,SESAMO
1089,CHIA (SALVIA HISPANICA L.)
1090,CHIA (SALVIA HISPANICA L.)
1091,AZUCAR DE CAï¿½A
1091,CHIA (SALVIA HISPANICA L.)
1091,QUINOA
1091,SESAMO
1092,CHIA (SALVIA HISPANICA L.)
1092,FRUTILLA
1092,FRUTILLA CONGELADA
1092,ARANDANO
1092,ARANDANO CONGELADO
1093,CHIA
1094,MAIZ
1094,CENTENO
1094,DESCANSO
1094,SOJA
1094,ABONO VERDE
1095,CEREALES
1095,OLEAGINOSAS
1096,AROMATICAS
1097,INCULTO
1097,ARROZ
1098,LANA SUCIA
1098,OVEJAS
1098,BORREGAS
1098,CORDEROS
1098,CAPONES
1098,CARNEROS
1099,CEREALES
1099,OLEAGINOSAS
1100,ARANDANOS
1101,CORIANDRO
1102,SORGO
1102,TRIGO
1102,ARROZ
1103,PASAS DE UVA
1104,VID
1104,OLIVOS
1105,ESPARRAGOS
1105,AJO
1105,ABONO VERDE
1106,DESCANSO
1106,AJO
1106,INCULTO
1106,CAMPO NATURAL
1106,ZAPALLO
1107,UVAS PARA VINIFICAR
1108,UVAS PARA VINIFICAR
1109,VID
1110,AJO
1110,ABONO VERDE
1111,VID
1112,CAï¿½A DE AZUCAR
1113,CAï¿½A DE AZUCAR
1114,CAï¿½A DE AZUCAR
1115,CAï¿½A DE AZUCAR
1116,CAï¿½A DE AZUCAR
1117,CAï¿½A DE AZUCAR
1118,CAï¿½A DE AZUCAR
1119,CAï¿½A DE AZUCAR
1120,CAï¿½A DE AZUCAR
1121,CAï¿½A DE AZUCAR
1122,CAï¿½A DE AZUCAR
1123,CAï¿½A DE AZUCAR
1124,CAï¿½A DE AZUCAR
1125,CAï¿½A DE AZUCAR
1126,CAï¿½A DE AZUCAR
1127,MANZANA
1127,PERA
1128,MANZANA
1128,PERA
1129,PERA
1130,MANZANA
1130,PERA
1131,MANZANA
1131,PERA
1132,MANZANA
1132,PERA
1133,MANZANA
1133,PERA
1133,CALENDULA
1134,VID
1135,PERA
1136,MANZANAS
1136,PERAS
1137,PERA
1137,MANZANA
1138,MANZANA
1138,PERA
1139,PERAS
1139,MANZANAS.
1140,PERA
1141,PERAS
1142,MANZANA
1142,PERA
1143,MANZANA
1143,PERA
1143,PELON
1144,MANZANA
1144,PERA
1145,NUECES
1145,NUEZ SECA PELADA
1145,NUEZ SECA CON CASCARA
1146,NUECES
1146,NUEZ SECA PELADA
1146,NUEZ SECA CON CASCARA
1147,LANA SUCIA
1147,OVEJAS
1147,BORREGOS
1147,BORREGAS
1147,CAPONES
1147,CORDEROS
1147,CARNEROS
1148,MANZANAS
1148,PERAS
1149,PERAS
1150,CAï¿½A DE AZUCAR
1150,INCULTO
1150,MONTE
1151,INCULTO
1152,CHIA
1153,MAIZ
1154,AJO
1154,CAMPO NATURAL
1154,ZAPALLO
1155,VID
1155,OLIVOS
1156,VID
1157,VID
1158,OVEJAS
1158,LANA SUCIA
1158,BORREGAS
1158,BORREGOS
1158,CARNEROS
1158,CAPONES
1159,OVEJAS
1159,BORREGAS
1159,CAPONES
1159,CARNEROS
1160,GIRASOL
1160,SOJA
1160,TRIGO
1160,MAIZ PISINGALLO
1161,MIEL
1161,SUBPRODUCTOS DE LA COLMENA
1162,MIEL
1163,MIEL
1163,SUBPRODUCTOS DE LA COLMENA
1164,EMULSION CORPORAL SUAVIZANTE
1164,EMULSION CORPORAL NUTRITIVA
1164,EMULSION CORPORAL ANTIAGE
1164,CREMA FACIAL ANTIAGE
1164,CREMA FACIAL DIURNA
1164,CREMA FACIAL NOCTURNA NUTRITIVA
1164,SERUM CONTORNO DE OJOS
1164,SERUM CONTORNO DE LABIOS
1164,TONICO FACIAL
1164,ACEITE DE LIMPIEZA
1165,PAPILLA PARA BEBE
1166,ACOPIO DE CEREALES
1166,OLEAGINOSAS
1167,ACEITE DE OLIVA
1168,TURRON
1168,GARRAPIï¿½ADA
1168,CARAMELOS
1168,CHUPETINES
1168,MIEL
1169,CEBADA
1170,MIEL.
1171,HORTALIZAS.
1172,MIEL
1173,LANA SUCIA
1174,ARROZ BLANCO PULIDO
1175,JUGO CONCENTRADO CONGELADO DE LIMON
1175,JUGO CONCENTRADO CONGELADO DE MANDARINA
1175,JUGO CONCENTRADO CONGELADO DE NARANJA
1175,JUGO CONCENTRADO CONGELADO DE POMELO
1175,JUGO PASTEURIZADO CONGELADO DE LIMON
1175,JUGO PASTEURIZADO CONGELADO DE MANDARINA
1175,JUGO PASTEURIZADO CONGELADO DE NARANJA
1175,JUGO PASTEURIZADO CONGELADO DE POMELO
1175,ACEITE ESENCIAL DE LIMON
1175,ACEITE ESENCIAL DE MANDARINA
1175,ACEITE ESENCIAL DE NARANJA
1175,ACEITE ESENCIAL DE POMELO
1175,FASE OLEOSA DE LIMON
1175,FASE OLEOSA DE MANDARINA
1175,FASE OLEOSA DE NARANJA
1175,FASE OLEOSA DE POMELO
1176,CHIA
1177,ACEITUNAS
1178,ACEITE DE OLIVA
1179,ACEITE DE JOJOBA
1180,MANZANA
1181,AJO
1182,AJO NEGRO
1183,PULPA DE PERA
1183,PULPA DE MANZANA
1183,PULPA DE DAMASCO
1183,PULPA DE DURAZNO
1183,PULPA DE ZAPALLO
1183,PURE DE BATATA
1183,PULPA DE ZANAHORIA
1184,PURE DE MANZANA
1184,PURE DE MANZANA CONCENTRADO
1184,PURE DE PERA
1184,PURE DE PERA CONCENTRADO
1184,PURE DE DAMASCO
1184,PURE DE DAMASCO CONCENTRADO
1184,PURE DE CIRUELA CONCENTRADO 
1185,JUGO CONCENTRADO DE UVA
1186,VINO
1187,VINO
1188,AJO
1189,YERBA MATE
1189, TE NEGRO
1189,TE ROJO
1189,TE VERDE
1190,PERA
1190,MANZANA
1191,ELAB ACEITE ROSA MOSQUETA
1192,MANZANAS
1192,PERAS
1193,VINO
1194,VINO
1195,PASAS DE UVA
1196,VINO
1196,VINO ESPUMANTE
1196,VINAGRE
1196,ACETO
1197,PERAS CONGELADAS
1198,MIEL + EXTRACCION
1198,FRACCIONAMIENTO DE MIEL
1199,SESAMO
1199,POROTO
1199,CHIA (SALVIA HISPANICA L)
1200,LANA LAVADA
1200,LANA SUCIA
1200,TOPS DE LANA
1200,BLOUSSE (PUNCHAS)
1201,YERBA MATE
1201,TE NEGRO 
1202,CEREALES
1202,OLEAGINOSAS
1203,LANA SUCIA
1204,CHIA (SALVIA HISPANICA L)
1205,FRUTILLA
1205,FRUTILLA CONGELADA
1205,ARANDANO
1205,ARANDANO CONGELADO
1206,ACEITE DE JOJOBA
1207,MIEL
1208,PROCESAMIENTO (ACONDICIONAMIENTO) DE CEREALES
1208,OLEAGINOSAS
1209,VINO
1210,PERA
1210,MANZANA
1210,CIRUELAS
1210,DURAZNO
1210,NECTARINAS
1210,CEREZAS
1211,CEREALES
1211,OLEAGINOSAS
1211,LEGUMINOSAS.
1212,CHIA (SALVIA HISPANICA L.)
1213,VID
1213,INCULTO
1214,VID
1215,VID
1216,CAï¿½A DE AZUCAR
1217,MANZANA
1217,PERA
1218,MANZANAS
1218,PERAS
1219,MANZANA
1219,PERA
1220,VACAS
1220,LECHE
1220,VAQUILLONAS
1220,NOVILLOS
1220,TERNERAS
1220,TERNEROS
1220,TOROS
1221,MANZANAS
1221,PERAS
1222,MANZANA
1222,PERA
1223,MANZANA
1223,PERA
1224,MANZANA
1224,PERA
1225,MANZANAS
1225,PERAS
1226,MANZANA
1226,PERA
1226,DURAZNO
1227,UVA DE MESA
1227,PASAS DE UVA
1228,ESPARRAGOS
1229,CHIA (SALVIA HISPANICA L)
1229,FRUTILLA
1229,INCULTO
1230,QUESO
1230,QUESO SABORIZADO
1231,ALIMENTO BALANCEADO
1232,ACEITE DE GIRASOL
1232,EXPELLER DE GIRASOL
1232,ACEITE DE CANOLA
1232,ACEITE DE SOJA
1232,EXPELLER DE SOJA
1232,GIRASOL
1232,CANOLA
1232,EXPELLER DE CANOLA
1232,SORGO
1232,TRIGO
1232,MAIZ PISINGALLO
1232,MAIZ
1232,SOJA
1233,ARANDANO
1233,FRAMBUESA
1233,ZAPALLO
1234,MANI.
1235,JUGO CONCENTRADO CONGELADO DE NARANJA
1235,JUGO CONCENTRADO CONGELADO DE MANDARINA
1235,JUGO CONCENTRADO CONGELADO DE POMELO
1235,JUGO CONCENTRADO CONGELADO DE LIMON
1235,JUGO PASTEURIZADO CONGELADO DE NARANJA
1235,JUGO PASTEURIZADO CONGELADO DE MANDARINA
1235,JUGO PASTEURIZADO CONGELADO DE POMELO
1235,JUGO PASTEURIZADO CONGELADO DE LIMON
1235,ACEITE ESENCIAL DE NARANJA
1235,ACEITE ESENCIAL DE MANDARINA
1235,ACEITE ESENCIAL DE POMELO
1235,ACEITE ESENCIAL DE LIMON
1235,SEMILLAS DE LIMON
1235,SEMILLAS DE POMELO
1236,VINO
1237,VINO
1238,VINO
1239,MANZANAS
1239,PERAS
1240,MOSTO DE UVA
1241,OREGANO
1241,TOMILLO
1241,ROMERO
1241,LAVANDA
1241,MENTA
1241,MAIZ
1241,ZAPALLO ANCO
1242,SMOOTHIES
1242,JUGOS
1242,DULCES
1242,AROMATICAS
1242,AZUCAR
1242,FRUTAS
1242,PULPAS
1242,PASAS
1243,CHIA (SALVIA HISPANICA L)
1243,POROTO
1243,GARBANZO
1244,AZUCAR DE CAï¿½A
1244,CHIA (SALVIA HISPANICA L)
1244,POROTO
1244,AJO NEGRO
1244,MELAZA
1244,CEREALES
1245,ACEITE DE LIMPIEZA
1245,EMULSION CORPORAL ANTIAGE
1245,EMULSION CORPORAL NUTRITIVA
1245,EMULSION CORPORAL SUAVIZANTE
1245,CREMA FACIAL ANTIAGE
1245,CREMA FACIAL DIURNA
1245,CREMA FACIAL NOCTURNA NUTRITIVA
1245,SERUM CONTORNO DE LABIOS
1245,SERUM CONTORNO DE OJOS
1245,TONICO FACIAL
1246,MANI
1246,MANI CONFITERIA
1246,MANI FRITO SALADO
1246,MANI TOSTADO
1246,ACEITE DE MANI
1246,HARINA DE MANI
1247,ARROZ INTEGRAL
1247,PULIDO
1247,LINO
1247,MIJO
1247,SORGO
1247,MAIZ
1247,AZUCAR
1247,CENTENO
1248,CEREALES
1248,OLEAGINOSAS
1249,MANZANA
1249,ZAPALLO
1249,ZANAHORIA
1249,CEBOLLA
1249,ECHALOTTE
1249,INCULTO
1249,ZAPALLO ANCO
1249,AJO
1249,DESCANSO
1249,BROCOLI
1249,CAMPO NATURAL
1250,CAï¿½A DE AZUCAR
1251,CAï¿½A DE AZUCAR
1252,CAï¿½A DE AZUCAR
1253,MANZANA
1253,PERA
1254,MANZANAS
1254,PERAS
1255,CHIA (SALVIA HISPANICA L.)
1256,VACAS
1256,TERNEROS
1256,TERNERAS
1256,VAQUILLONAS
1256,TOROS
1257,MIEL
1257,SUBPRODUCTOS DE LA COLMENA.
1258,MAIZ
1258,SOJA
1258,GIRASOL
1258,TRIGO
1258,CEBADA
1258,CANOLA
1259,VINO
1260,VINO
1261,CEREZAS
1262,PERA
1262,MANZANA
1262,CEREZA
1263,HIGOS
1263,GRANADAS
1263,PALTAS
1264,TRUCHAS A LAS FINAS HIERBAS
1264,PATE DE TRUCHA
1264,TRUCA AL AJI KITUCHO
1265,TE
1266,FRUTILLA CONGELADA
1266,ARANDANO CONGELADO
1266,FRAMBUESA CONGELADA
1266,MORAS CONGELADAS
1266,ESPARRAGO CONGELADOS
1267,ARANDANO
1267,ARANDANO CONGELADO
1268,ACEITE DE OLIVA
1269,CAï¿½A DE CASTILLA
1270,MANZANA
1270,PERA
1271,MANZANA
1271,PERA
1272,DESCANSO
1273,VID
1274,PULPA DE MANZANA
1274,PURE DE MANZANA
1274,PULPA DE PERA
1274,PURE DE PERA
1275,PULPA DE PERA
1275,PULPA CONCENTRADA DE PERA
1275,PULPA DE MANZANA
1275,PULPA CONCENTRADA DE MANZANA
1275,PULPA DE DURAZNO
1275,PULPA CONCENTRADA DE DURAZNO
1275,PULPA DE DAMASCO
1275,PULPA CONCENTRADA DE DAMASCO
1275,PULPA DE ZAPALLO
1275,PULPA DE ZANAHORIA
1275,PURE DE PERA CONCENTRADO
1275,PURE DE PERA
1275,PURE DE MANZANA
1275,PURE DE MANZANA CONCENTRADO
1275,PURE DE DURAZNO
1275,PURE DE DURAZNO CONCENTRADO
1275,PURE DE DAMASCO
1275,PURE DE DAMASCO CONCENTRADO
1275,PURE DE ZAPALLO
1275,PURE DE ZANAHORIA
1275,PURE DE BATATA
1276,CAï¿½A DE AZUCAR
1277,PERA
1277,MANZANA
1277,MEMBRILLO
1277,INCULTO
1277,DAMASCO
1277,CIRUELA
1277,AVELLANAS
1277,ALMENDRAS
1277,DURAZNO
1277,CEREZA
1278,VINO
1279,NUEZ
1280,PERA
1280,MANZANA
1281,MANZANA
1281,PERA
1281,DURAZNO
1282,ARROZ INTEGRAL
1282,BLANCO PULIDO
1282,PARTIDO - ACOPIO DE MAIZ
1282,SORGO
1282,MIJO
1282,LINO
1283,CAï¿½A DE AZUCAR
1284,VID
