id,nombre,departamento_id
60014.0,ADOLFO GONZALES CHAVES,6014.0
60063.0,BALCARCE,6063.0
60070.0,BARADERO,6070.0
60084.0,BENITO JUAREZ,6084.0
60021.0,ALBERTI,6021.0
60077.0,ARRECIFES,6077.0
60028.0,ALMIRANTE BROWN,6028.0
60035.0,AVELLANEDA,6035.0
60042.0,AYACUCHO,6042.0
60049.0,AZUL,6049.0
60056.0,BAHIA BLANCA,6056.0
60091.0,BERAZATEGUI,6091.0
60098.0,BERISSO,6098.0
60105.0,BOLIVAR,6105.0
60112.0,BRAGADO,6112.0
60007.0,ADOLFO ALSINA,6007.0
60119.0,BRANDSEN,6119.0
60126.0,CAMPANA,6126.0
60134.0,CANUELAS,6134.0
60140.0,CAPITAN SARMIENTO,6140.0
60147.0,CARLOS CASARES,6147.0
60154.0,CARLOS TEJEDOR,6154.0
60161.0,CARMEN DE ARECO,6161.0
60168.0,CASTELLI,6168.0
60175.0,COLON,6175.0
60182.0,CORONEL DE MARINA LEONARDO ROSALES,6182.0
60189.0,CORONEL DORREGO,6189.0
60196.0,CORONEL PRINGLES,6196.0
60203.0,CORONEL SUAREZ,6203.0
60210.0,CHACABUCO,6210.0
60218.0,CHASCOMUS,6217.0
60466.0,LEZAMA,6217.0
60224.0,CHIVILCOY,6224.0
60231.0,DAIREAUX,6231.0
60238.0,DOLORES,6238.0
60245.0,ENSENADA,6245.0
60252.0,ESCOBAR,6252.0
60260.0,ESTEBAN ECHEVERRIA,6260.0
60266.0,EXALTACION DE LA CRUZ,6266.0
60270.0,EZEIZA,6270.0
60274.0,FLORENCIO VARELA,6274.0
60277.0,FLORENTINO AMEGHINO,6277.0
60280.0,GENERAL ALVARADO,6280.0
60287.0,GENERAL ALVEAR,6287.0
60294.0,GENERAL ARENALES,6294.0
60301.0,GENERAL BELGRANO,6301.0
60308.0,GENERAL GUIDO,6308.0
60315.0,GENERAL JUAN MADARIAGA,6315.0
60322.0,GENERAL LA MADRID,6322.0
60329.0,GENERAL LAS HERAS,6329.0
60336.0,GENERAL LAVALLE,6336.0
60343.0,GENERAL PAZ,6343.0
60351.0,GENERAL PINTO,6351.0
60357.0,GENERAL PUEYRREDON,6357.0
60364.0,GENERAL RODRIGUEZ,6364.0
60371.0,GENERAL SAN MARTIN,6371.0
60385.0,GENERAL VIAMONTE,6385.0
60399.0,GUAMINI,6399.0
60406.0,HIPOLITO YRIGOYEN,6406.0
60408.0,HURLINGHAM,6408.0
60410.0,ITUZAINGO,6410.0
60412.0,JOSE C. PAZ,6412.0
60413.0,JUNIN,6413.0
60420.0,LA COSTA,6420.0
60427.0,LA MATANZA,6427.0
60434.0,LANUS,6434.0
60441.0,LA PLATA,6441.0
60448.0,LAPRIDA,6448.0
60455.0,LAS FLORES,6455.0
60462.0,LEANDRO N. ALEM,6462.0
60469.0,LINCOLN,6469.0
60476.0,LOBERIA,6476.0
60483.0,LOBOS,6483.0
60490.0,LOMAS DE ZAMORA,6490.0
60497.0,LUJAN,6497.0
60505.0,MAGDALENA,6505.0
60511.0,MAIPU,6511.0
60515.0,MALVINAS ARGENTINAS,6515.0
60518.0,MAR CHIQUITA,6518.0
60525.0,MARCOS PAZ,6525.0
60532.0,MERCEDES,6532.0
60539.0,MERLO,6539.0
60547.0,MONTE,6547.0
60553.0,MONTE HERMOSO,6553.0
60560.0,MORENO,6560.0
60568.0,MORON,6568.0
60574.0,NAVARRO,6574.0
60581.0,NECOCHEA,6581.0
60588.0,9 DE JULIO,6588.0
60595.0,OLAVARRIA,6595.0
60602.0,PATAGONES,6602.0
60609.0,PEHUAJO,6609.0
60616.0,PELLEGRINI,6616.0
60623.0,PERGAMINO,6623.0
60630.0,PILA,6630.0
60638.0,PILAR,6638.0
60644.0,PINAMAR,6644.0
60648.0,PRESIDENTE PERON,6648.0
60651.0,PUAN,6651.0
60655.0,PUNTA INDIO,6655.0
60658.0,QUILMES,6658.0
60665.0,RAMALLO,6665.0
60672.0,RAUCH,6672.0
60679.0,RIVADAVIA,6679.0
60686.0,ROJAS,6686.0
60693.0,ROQUE PEREZ,6693.0
60700.0,SAAVEDRA,6700.0
60707.0,SALADILLO,6707.0
60714.0,SALTO,6714.0
60721.0,SALLIQUELO,6721.0
60728.0,SAN ANDRES DE GILES,6728.0
60735.0,SAN ANTONIO DE ARECO,6735.0
60742.0,SAN CAYETANO,6742.0
60749.0,SAN FERNANDO,6749.0
60756.0,SAN ISIDRO,6756.0
60760.0,SAN MIGUEL,6760.0
60763.0,SAN NICOLAS,6763.0
60770.0,SAN PEDRO,6770.0
60778.0,SAN VICENTE,6778.0
60784.0,SUIPACHA,6784.0
60791.0,TANDIL,6791.0
60798.0,TAPALQUE,6798.0
60805.0,TIGRE,6805.0
60812.0,TORDILLO,6812.0
60819.0,TORNQUIST,6819.0
60826.0,TRENQUE LAUQUEN,6826.0
60231.0,DAIREAUX,6826.0
60833.0,TRES ARROYOS,6833.0
60840.0,TRES DE FEBRERO,6840.0
60847.0,TRES LOMAS,6847.0
60854.0,25 DE MAYO,6854.0
60861.0,VICENTE LOPEZ,6861.0
60868.0,VILLA GESELL,6868.0
60875.0,VILLARINO,6875.0
60882.0,ZARATE,6882.0
100028.0,LOS VARELA,10007.0
100007.0,EL RODEO,10007.0
100021.0,LAS JUNTAS,10007.0
100035.0,ANCASTI,10014.0
100049.0,ANDALGALA,10021.0
100042.0,ACONQUIJA,10021.0
100056.0,ANTOFAGASTA DE LA SIERRA,10028.0
100119.0,VILLA VIL,10035.0
100063.0,BELEN,10035.0
100091.0,POZO DE PIEDRA,10035.0
100070.0,CORRAL QUEMADO,10035.0
100098.0,PUERTA DE CORRAL QUEMADO,10035.0
100077.0,HUALFIN,10035.0
100084.0,LONDRES,10035.0
100126.0,CAPAYAN,10042.0
100133.0,HUILLAPIMA,10042.0
100140.0,SAN FERNANDO DEL VALLE DE CATAMARCA,10049.0
100147.0,EL ALTO,10056.0
100154.0,TAPSO,10056.0
100161.0,FRAY MAMERTO ESQUIU,10063.0
100175.0,RECREO,10070.0
100168.0,ICANO,10070.0
100182.0,PACLIN,10077.0
100185.0,MUTQUIN,10084.0
100196.0,SAUJIL,10084.0
100189.0,POMAN,10084.0
100203.0,SAN JOSE,10091.0
100210.0,SANTA MARIA,10091.0
100213.0,LOS ALTOS,10098.0
100217.0,SANTA ROSA,10098.0
100231.0,TINOGASTA,10105.0
100224.0,FIAMBALA,10105.0
100238.0,VALLE VIEJO,10112.0
142007.0,AMBOY,14007.0
142021.0,CANADA DEL SAUCE,14007.0
140049.0,VILLA GENERAL BELGRANO,14007.0
140063.0,VILLA RUMIPAL,14007.0
140070.0,VILLA YACANTO,14007.0
140007.0,EMBALSE,14007.0
140014.0,LA CRUZ,14007.0
143015.0,LA CUMBRECITA,14007.0
142028.0,LAS BAJADAS,14007.0
142035.0,LAS CALERAS,14007.0
140021.0,LOS CONDORES,14007.0
142042.0,LOS MOLINOS,14007.0
142049.0,LOS REARTES,14007.0
142014.0,CALMAYO,14007.0
140028.0,RIO DE LOS SAUCES,14007.0
140056.0,SAN AGUSTIN,14007.0
142063.0,SAN IGNACIO,14007.0
140035.0,SANTA ROSA DE CALAMUCHITA,14007.0
142070.0,SEGUNDA USINA,14007.0
142084.0,VILLA CIUDAD PARQUE LOS REARTES,14007.0
142077.0,VILLA AMANCAY,14007.0
140042.0,VILLA DEL DIQUE,14007.0
142091.0,VILLA QUILLINZO,14007.0
140077.0,CORDOBA,14014.0
140084.0,AGUA DE ORO,14021.0
140126.0,LA GRANJA,14021.0
140147.0,RIO CEBALLOS,14021.0
142105.0,EL MANZANO,14021.0
140119.0,LA CALERA,14021.0
140091.0,COLONIA CAROYA,14021.0
140098.0,COLONIA TIROLESA,14021.0
142098.0,COLONIA VICENTE AGUERO,14021.0
140133.0,MALVINAS ARGENTINAS,14021.0
140175.0,VILLA ALLENDE,14021.0
142112.0,ESTACION GENERAL PAZ,14021.0
140112.0,JESUS MARIA,14021.0
140168.0,UNQUILLO,14021.0
140140.0,MENDIOLAZA,14021.0
142119.0,MI GRANJA,14021.0
140154.0,SALDAN,14021.0
140161.0,SALSIPUEDES,14021.0
142728.0,TINOCO,14021.0
142126.0,VILLA CERRO AZUL,14021.0
140077.0,CORDOBA,14021.0
142133.0,ALTO DE LOS QUEBRACHOS,14028.0
142140.0,BANADO DE SOTO,14028.0
142147.0,CRUZ DE CANA,14028.0
140182.0,CRUZ DEL EJE,14028.0
142161.0,GUANACO MUERTO,14028.0
142175.0,LA HIGUERA,14028.0
142189.0,LAS PLAYAS,14028.0
142819.0,LOS CHANARITOS,14028.0
142203.0,MEDIA NARANJA,14028.0
142217.0,TUCLAME,14028.0
140203.0,VILLA DE SOTO,14028.0
140217.0,DEL CAMPILLO,14035.0
140210.0,BUCHARDO,14035.0
140224.0,HUINCA RENANCO,14035.0
140231.0,ITALO,14035.0
140245.0,MATTALDI,14035.0
142224.0,NICOLAS BRUZZONE,14035.0
142231.0,ONAGOITY,14035.0
142238.0,PINCEN,14035.0
142245.0,RANQUELES,14035.0
140238.0,JOVITA,14035.0
140252.0,VILLA HUIDOBRO,14035.0
141120.0,VILLA SARMIENTO (S. A.),14035.0
140259.0,VILLA VALERIA,14035.0
140273.0,ARROYO CABRAL,14042.0
140280.0,AUSONIA,14042.0
140294.0,ETRURIA,14042.0
140308.0,LA PALESTINA,14042.0
140315.0,LA PLAYOSA,14042.0
140322.0,LUCA,14042.0
140329.0,PASCO,14042.0
140336.0,SILVIO PELLICO,14042.0
140343.0,TICINO,14042.0
140350.0,TIO PUJIO,14042.0
140357.0,VILLA MARIA,14042.0
140364.0,VILLA NUEVA,14042.0
142259.0,AVELLANEDA,14049.0
142266.0,CANADA DE RIO PINTO,14049.0
142273.0,CHUNA,14049.0
140371.0,DEAN FUNES,14049.0
142294.0,OLIVARES DE SAN NICOLAS,14049.0
142287.0,LOS POZOS,14049.0
140378.0,QUILINO,14049.0
140385.0,ALEJANDRO ROCA,14056.0
142308.0,ASSUNTA,14056.0
140392.0,BENGOLEA,14056.0
140399.0,CARNERILLO,14056.0
140406.0,CHARRAS,14056.0
142315.0,EL RASTREADOR,14056.0
140420.0,GENERAL DEHEZA,14056.0
140427.0,HUANCHILLA,14056.0
140448.0,OLAETA,14056.0
142322.0,PACHECO DE MELO,14056.0
142329.0,PASO DEL DURAZNO,14056.0
140469.0,UCACHA,14056.0
140455.0,REDUCCION,14056.0
140476.0,ALEJO LEDESMA,14063.0
140483.0,ARIAS,14063.0
140490.0,CAMILO ALDAO,14063.0
140497.0,CAPITAN GENERAL B. O'HIGGINS,14063.0
140504.0,CAVANAGH,14063.0
142336.0,COLONIA BARGE,14063.0
140511.0,COLONIA ITALIANA,14063.0
140518.0,CORRAL DE BUSTOS,14063.0
140525.0,CRUZ ALTA,14063.0
140539.0,GENERAL ROCA,14063.0
140546.0,GUATIMOZIN,14063.0
140553.0,INRIVILLE,14063.0
140560.0,ISLA VERDE,14063.0
140567.0,LEONES,14063.0
140574.0,LOS SURGENTES,14063.0
140581.0,MARCOS JUAREZ,14063.0
140588.0,MONTE BUEY,14063.0
140595.0,SAIRA,14063.0
142343.0,SALADILLO,14063.0
142357.0,CIENAGA DEL CORO,14070.0
142364.0,EL CHACHO,14070.0
142371.0,ESTANCIA DE GUADALUPE,14070.0
142378.0,GUASAPAMPA,14070.0
142385.0,LA PLAYA,14070.0
140602.0,SAN CARLOS MINAS,14070.0
142392.0,TALAINI,14070.0
142399.0,TOSNO,14070.0
142406.0,CHANCANI,14077.0
142434.0,TALA CANADA,14077.0
140609.0,SALSACATE,14077.0
142427.0,SAN GERONIMO,14077.0
142441.0,VILLA DE POCHO,14077.0
140616.0,GENERAL LEVALLE,14084.0
140623.0,LA CESIRA,14084.0
140630.0,LABOULAYE,14084.0
142448.0,LEGUIZAMON,14084.0
140637.0,MELO,14084.0
142455.0,RIO BAMBA,14084.0
140644.0,ROSALES,14084.0
142462.0,SAN JOAQUIN,14084.0
140658.0,VILLA ROSSI,14084.0
140672.0,CAPILLA DEL MONTE,14091.0
140665.0,BIALET MASSE,14091.0
142469.0,CABALANGO,14091.0
142476.0,CASA GRANDE,14091.0
142483.0,CHARBONIER,14091.0
140679.0,COSQUIN,14091.0
142490.0,CUESTA BLANCA,14091.0
142497.0,ESTANCIA VIEJA,14091.0
140686.0,HUERTA GRANDE,14091.0
140693.0,LA CUMBRE,14091.0
140700.0,LA FALDA,14091.0
142511.0,SAN ANTONIO DE ARREDONDO,14091.0
140707.0,LOS COCOS,14091.0
140721.0,SANTA MARIA DE PUNILLA,14091.0
142504.0,MAYU SUMAJ,14091.0
140714.0,SAN ESTEBAN,14091.0
142518.0,SAN ROQUE,14091.0
142525.0,TALA HUASI,14091.0
140728.0,TANTI,14091.0
140735.0,VALLE HERMOSO,14091.0
140742.0,VILLA CARLOS PAZ,14091.0
140749.0,VILLA GIARDINO,14091.0
142539.0,VILLA SANTA CRUZ DEL LAGO,14091.0
142532.0,VILLA PARQUE SIQUIMAN,14091.0
142546.0,VILLA RIO ICHO CRUZ,14091.0
140756.0,ACHIRAS,14098.0
140763.0,ADELIA MARIA,14098.0
140770.0,ALCIRA,14098.0
140777.0,ALPA CORRAL,14098.0
140784.0,BERROTARAN,14098.0
140791.0,BULNES,14098.0
140798.0,CHAJAN,14098.0
142553.0,CHUCUL,14098.0
140805.0,CORONEL BAIGORRIA,14098.0
140812.0,CORONEL MOLDES,14098.0
140819.0,ELENA,14098.0
142560.0,"LA CAROLINA ""EL POTOSI""",14098.0
142567.0,LAS ALBAHACAS,14098.0
140840.0,LAS HIGUERAS,14098.0
142574.0,LAS PENAS SUD,14098.0
140847.0,LAS VERTIENTES,14098.0
142581.0,MALENA,14098.0
140854.0,MONTE DE LOS GAUCHOS,14098.0
140861.0,RIO CUARTO,14098.0
140868.0,SAMPACHO,14098.0
140875.0,SAN BASILIO,14098.0
140882.0,SANTA CATALINA,14098.0
142588.0,SUCO,14098.0
140889.0,TOSQUITA,14098.0
140896.0,VICUNA MACKENNA,14098.0
142595.0,VILLA EL CHACAY,14098.0
142602.0,WASHINGTON,14098.0
142616.0,CANADA DE MACHADO,14105.0
142623.0,CAPILLA DE LOS REMEDIOS,14105.0
142651.0,DIEGO DE ROJAS,14105.0
142658.0,EL CRISPIN,14105.0
142665.0,ESQUINA,14105.0
142672.0,KILOMETRO 658,14105.0
140903.0,LA PARA,14105.0
142679.0,LA POSTA,14105.0
140910.0,LA PUERTA,14105.0
142686.0,LA QUINTA,14105.0
142700.0,LAS SALADAS,14105.0
142707.0,MAQUINISTA GALLINI,14105.0
140917.0,MONTE CRISTO,14105.0
140924.0,OBISPO TREJO,14105.0
140931.0,PIQUILLIN,14105.0
142714.0,PLAZA DE MERCEDES,14105.0
142644.0,COMECHINGONES,14105.0
140938.0,RIO PRIMERO,14105.0
140945.0,SANTA ROSA DE RIO PRIMERO,14105.0
140952.0,VILLA FONTANA,14105.0
142735.0,CERRO COLORADO,14112.0
142749.0,EUFRASIO LOZA,14112.0
142756.0,GUTEMBERG,14112.0
142770.0,LOS HOYOS,14112.0
142784.0,RAYO CORTADO,14112.0
142791.0,SANTA ELENA,14112.0
140959.0,SEBASTIAN ELCANO,14112.0
142798.0,VILLA CANDELARIA NORTE,14112.0
140966.0,VILLA DE MARIA,14112.0
140973.0,CALCHIN,14119.0
140980.0,CALCHIN OESTE,14119.0
140987.0,CAPILLA DEL CARMEN,14119.0
140994.0,CARRILOBO,14119.0
141001.0,COLAZO,14119.0
142805.0,COLONIA VIDELA,14119.0
141008.0,COSTASACATE,14119.0
141022.0,LAS JUNTURAS,14119.0
141029.0,LUQUE,14119.0
141036.0,MANFREDI,14119.0
141043.0,MATORRALES,14119.0
141050.0,ONCATIVO,14119.0
141057.0,PILAR,14119.0
141064.0,POZO DEL MOLLE,14119.0
142826.0,RINCON,14119.0
141078.0,SANTIAGO TEMPLE,14119.0
141085.0,VILLA DEL ROSARIO,14119.0
142833.0,AMBUL,14126.0
142840.0,ARROYO LOS PATOS,14126.0
142847.0,LAS CALLES,14126.0
142854.0,LAS RABONAS,14126.0
141106.0,SAN PEDRO,14126.0
141099.0,NONO,14126.0
142861.0,PANAHOLMA,14126.0
142868.0,SAN LORENZO,14126.0
142875.0,SAN VICENTE,14126.0
142882.0,SAUCE ARRIBA,14126.0
141113.0,VILLA CURA BROCHERO,14126.0
142889.0,CONLARA,14133.0
142917.0,LOS HORNILLOS,14133.0
142896.0,LA POBLACION,14133.0
142924.0,LUYABA,14133.0
142903.0,LAS TAPIAS,14133.0
142910.0,LOS CERRILLOS,14133.0
141148.0,VILLA DE LAS ROSAS,14133.0
141134.0,SAN JAVIER Y YACANTO,14133.0
141155.0,VILLA DOLORES,14133.0
141162.0,ALICIA,14140.0
141169.0,ALTOS DE CHIPION,14140.0
141176.0,ARROYITO,14140.0
141183.0,BALNEARIA,14140.0
141190.0,BRINKMANN,14140.0
141197.0,COLONIA MARINA,14140.0
141204.0,COLONIA PROSPERIDAD,14140.0
141211.0,COLONIA SAN BARTOLOME,14140.0
142952.0,COLONIA SAN PEDRO,14140.0
142959.0,COLONIA VALTELINA,14140.0
141218.0,COLONIA VIGNAUD,14140.0
141225.0,DEVOTO,14140.0
141232.0,EL ARANADO,14140.0
141239.0,EL FORTIN,14140.0
141246.0,EL TIO,14140.0
142966.0,PLAZA LUXARDO,14140.0
142938.0,COLONIA ITURRASPE,14140.0
141253.0,FREYRE,14140.0
141260.0,LA FRANCIA,14140.0
141267.0,LA PAQUITA,14140.0
141281.0,LAS VARAS,14140.0
141288.0,LAS VARILLAS,14140.0
141295.0,MARULL,14140.0
141302.0,MIRAMAR,14140.0
141337.0,SAN FRANCISCO,14140.0
141316.0,PORTENA,14140.0
141323.0,QUEBRACHO HERRADO,14140.0
141330.0,SACANTA,14140.0
141344.0,SATURNINO MARIA LASPIUR,14140.0
141351.0,SEEBER,14140.0
141358.0,TRANSITO,14140.0
141365.0,VILLA CONCEPCION DEL TIO,14140.0
142980.0,VILLA SAN ESTEBAN,14140.0
142987.0,ANISACATE,14147.0
141393.0,MALAGUENO,14147.0
142994.0,BOUWER,14147.0
143106.0,VILLA PARQUE SANTA ANA,14147.0
141379.0,DESPENADEROS,14147.0
143001.0,DIQUE CHICO,14147.0
143008.0,FALDA DEL CARMEN,14147.0
143113.0,VILLA SAN ISIDRO,14147.0
143022.0,LA PAISANITA,14147.0
143036.0,LA SERRANITA,14147.0
143043.0,LOS CEDROS,14147.0
141386.0,LOZADA,14147.0
141400.0,MONTE RALO,14147.0
143050.0,POTRERO DE GARAY,14147.0
143057.0,RAFAEL GARCIA,14147.0
143064.0,SAN CLEMENTE,14147.0
141407.0,TOLEDO,14147.0
143071.0,VALLE DE ANISACATE,14147.0
143078.0,VILLA CIUDAD DE AMERICA,14147.0
143085.0,VILLA DEL PRADO,14147.0
143092.0,VILLA LA BOLSA,14147.0
143099.0,VILLA LOS AROMOS,14147.0
143120.0,CAMINIAGA,14154.0
143134.0,POZO NUEVO,14154.0
141414.0,SAN FRANCISCO DEL CHANAR,14154.0
141421.0,ALMAFUERTE,14161.0
141428.0,COLONIA ALMADA,14161.0
141435.0,CORRALITO,14161.0
143141.0,GENERAL FOTHERINGHAM,14161.0
141449.0,HERNANDO,14161.0
141456.0,JAMES CRAIK,14161.0
143148.0,LAS ISLETILLAS,14161.0
141463.0,LAS PERDICES,14161.0
141470.0,LOS ZORROS,14161.0
141477.0,OLIVA,14161.0
143155.0,PAMPAYASTA NORTE,14161.0
141484.0,PAMPAYASTA SUD,14161.0
143162.0,PUNTA DEL AGUA,14161.0
141498.0,TANCACHA,14161.0
141505.0,VILLA ASCASUBI,14161.0
143169.0,CANDELARIA SUD,14168.0
141512.0,CANADA DE LUQUE,14168.0
143176.0,CAPILLA DEL SITON,14168.0
143183.0,LA PAMPA,14168.0
141519.0,LAS PENAS,14168.0
143190.0,LOS MISTOLES,14168.0
141526.0,SARMIENTO,14168.0
143197.0,SIMBOLAR,14168.0
141533.0,SINSACATE,14168.0
141540.0,VILLA DEL TOTORAL,14168.0
141547.0,LAS ARRIAS,14175.0
141554.0,LUCIO V. MANSILLA,14175.0
141561.0,SAN JOSE DE LA DORMIDA,14175.0
141568.0,SAN JOSE DE LAS SALINAS,14175.0
141575.0,SAN PEDRO NORTE,14175.0
141582.0,VILLA TULUMBA,14175.0
143225.0,ALDEA SANTA MARIA,14182.0
141589.0,ALTO ALEGRE,14182.0
143232.0,ANA ZUMARAN,14182.0
141596.0,BALLESTEROS,14182.0
141603.0,BALLESTEROS SUD,14182.0
141610.0,BELL VILLE,14182.0
141617.0,BENJAMIN GOULD,14182.0
141624.0,CANALS,14182.0
141631.0,CHILIBROSTE,14182.0
141645.0,COLONIA BISMARCK,14182.0
141652.0,IDIAZABAL,14182.0
141659.0,JUSTINIANO POSSE,14182.0
141666.0,LABORDE,14182.0
141687.0,MORRISON,14182.0
141694.0,NOETINGER,14182.0
141701.0,ORDONEZ,14182.0
141708.0,PASCANAS,14182.0
141715.0,PUEBLO ITALIANO,14182.0
141722.0,SAN ANTONIO DE LITIN,14182.0
141729.0,SAN MARCOS SUD,14182.0
141736.0,VIAMONTE,14182.0
141743.0,WENCESLAO ESCALANTE,14182.0
180007.0,BELLA VISTA,18007.0
180014.0,BERON DE ASTRADA,18014.0
180021.0,CORRIENTES,18021.0
180028.0,RIACHUELO,18021.0
180042.0,CONCEPCION,18028.0
180035.0,COLONIA SANTA ROSA,18028.0
180056.0,TATACUA,18028.0
180063.0,CURUZU CUATIA,18035.0
180049.0,TABAY,18028.0
180070.0,PERUGORRIA,18035.0
180077.0,EMPEDRADO,18042.0
180084.0,ESQUINA,18049.0
180091.0,PUEBLO LIBERTADOR,18049.0
180098.0,ALVEAR,18056.0
180105.0,ESTACION TORRENT,18056.0
180126.0,LOMAS DE VALLEJOS,18063.0
180133.0,PALMAR GRANDE,18063.0
180137.0,CAROLINA,18070.0
180140.0,GOYA,18070.0
180147.0,ITATI,18077.0
180154.0,RAMADA PASO,18077.0
180161.0,COLONIA LIEBIG'S,18084.0
180168.0,ITUZAINGO,18084.0
180175.0,SAN ANTONIO,18084.0
180182.0,SAN CARLOS,18084.0
180186.0,VILLA OLIVARI,18084.0
180196.0,GOBERNADOR MARTINEZ,18091.0
180210.0,SANTA LUCIA,18091.0
180217.0,YATAYTI CALLE,18091.0
180224.0,MBURUCUYA,18098.0
180231.0,FELIPE YOFRE,18105.0
180245.0,MERCEDES,18105.0
180252.0,COLONIA LIBERTAD,18112.0
180266.0,MOCORETA,18112.0
180273.0,MONTE CASEROS,18112.0
180280.0,BONPLAND,18119.0
180294.0,PASO DE LOS LIBRES,18119.0
180301.0,TAPEBICUA,18119.0
180308.0,SALADAS,18126.0
180315.0,SAN LORENZO,18126.0
180322.0,PASO DE LA PATRIA,18133.0
180329.0,SAN COSME,18133.0
180350.0,SAN LUIS DEL PALMAR,18140.0
180357.0,COLONIA CARLOS PELLEGRINI,18147.0
180364.0,GUAVIRAVI,18147.0
180371.0,LA CRUZ,18147.0
180378.0,YAPEYU,18147.0
180385.0,LORETO,18154.0
180392.0,SAN MIGUEL,18154.0
180413.0,CHAVARRIA,18161.0
180417.0,COLONIA PANDO,18161.0
180399.0,9 DE JULIO,18161.0
180406.0,PEDRO R. FERNANDEZ,18161.0
180420.0,SAN ROQUE,18161.0
180441.0,JOSE RAFAEL GOMEZ,18168.0
180427.0,GARRUCHOS,18168.0
180434.0,GOBERNADOR ING. VALENTIN VIRASORO,18168.0
180448.0,SANTO TOME,18168.0
180455.0,SAUCE,18175.0
220007.0,CONCEPCION DEL BERMEJO,22007.0
220021.0,PAMPA DEL INFIERNO,22007.0
220028.0,TACO POZO,22007.0
220042.0,ISLA DEL CERRITO,22014.0
220049.0,LA LEONESA,22014.0
220056.0,LAS PALMAS,22014.0
220063.0,PUERTO BERMEJO,22014.0
220077.0,PRESIDENCIA ROQUE SAENZ PENA,22021.0
220084.0,CHARATA,22028.0
220098.0,GENERAL CAPDEVILA,22036.0
220112.0,HERMOSO CAMPO,22039.0
220126.0,SANTA SYLVINA,22043.0
220113.0,CORZUELA,22049.0
220140.0,LA ESCONDIDA,22056.0
220154.0,LA VERDE,22056.0
220161.0,MAKALLE,22056.0
220203.0,VILLA RIO BERMEJITO,22063.0
220168.0,EL SAUZALITO,22063.0
220175.0,FUERTE ESPERANZA,22063.0
220182.0,JUAN JOSE CASTELLI,22063.0
220189.0,MIRAFLORES,22063.0
220169.0,MISION NUEVA POMPEYA,22063.0
220217.0,CAMPO LARGO,22070.0
220224.0,NAPENAY,22070.0
220231.0,COLONIA POPULAR,22077.0
220254.0,PUERTO TIROL,22077.0
220238.0,LAGUNA BLANCA,22077.0
220252.0,CIERVO PETISO,22084.0
220259.0,GRAL. SAN MARTENGENERAL SAN MARTIN,22084.0
220266.0,LA EDUVIGIS,22084.0
220273.0,LAGUNA LIMPIA,22084.0
220280.0,PAMPA ALMIRON,22084.0
220287.0,PAMPA DEL INDIO,22084.0
220301.0,TRES ISLETAS,22091.0
220308.0,CORONEL DU GRATY,22098.0
220315.0,ENRIQUE URIEN,22098.0
220322.0,VILLA ANGELA,22098.0
220336.0,LA CLOTILDE,22112.0
220343.0,LA TIGRA,22112.0
220350.0,SAN BERNARDO,22112.0
220357.0,PRESIDENCIA DE LA PLAZA,22119.0
220364.0,COLONIA BENITEZ,22126.0
220371.0,MARGARITA BELEN,22126.0
220378.0,QUITILIPI,22133.0
220392.0,BASAIL,22140.0
220399.0,FONTANA,22140.0
220420.0,SAMUHU,22147.0
220427.0,VILLA BERTHET,22147.0
220434.0,CAPITAN SOLARI,22154.0
220441.0,COLONIAS ELISA,22154.0
220448.0,COLONIAS UNIDAS,22154.0
220455.0,LAS GARCITAS,22154.0
220469.0,CHARADAI,22161.0
220462.0,COTE LAI,22161.0
260007.0,PUERTO MADRYN,26007.0
260014.0,CHOLILA,26014.0
268014.0,CUSHAMEN,26014.0
260021.0,EL HOYO,26014.0
260035.0,EPUYEN,26014.0
265007.0,GUALJAINA,26014.0
260042.0,LAGO PUELO,26014.0
260049.0,COMODORO RIVADAVIA,26021.0
260056.0,RADA TILLY,26021.0
260084.0,TREVELIN,26035.0
260070.0,CORCOVADO,26035.0
260077.0,ESQUEL,26035.0
268028.0,DIQUE FLORENTINO AMEGHINO,26042.0
260091.0,DOLAVON,26042.0
260098.0,GAIMAN,26042.0
265014.0,28 DE JULIO,26042.0
268035.0,GASTRE,26049.0
268056.0,CARRENLEUFU,26056.0
268063.0,COLAN CONHUE,26056.0
268070.0,PASO DEL SAPO,26056.0
268077.0,LAS PLUMAS,26063.0
268084.0,LOS ALTARES,26070.0
265021.0,PASO DE INDIOS,26070.0
260112.0,RAWSON,26077.0
260119.0,TRELEW,26077.0
260126.0,ALTO RIO SENGUER,26084.0
268091.0,ALDEA BELEIRO,26084.0
268098.0,DOCTOR RICARDO ROJAS,26084.0
268105.0,FACUNDO,26084.0
268119.0,BUEN PASTO,26091.0
260140.0,SARMIENTO,26091.0
268147.0,DR. ATILIO OSCAR VIGLIONE,26098.0
260147.0,GOBERNADOR COSTA,26098.0
260154.0,JOSE DE SAN MARTIN,26098.0
260161.0,RIO PICO,26098.0
268126.0,GAN GAN,26105.0
340007.0,LAGUNA YEMA,34007.0
345007.0,LOS CHIRIGUANOS,34007.0
345014.0,COLONIA PASTORIL,34014.0
340028.0,FORMOSA,34014.0
345021.0,GRAN GUARDIA,34014.0
345028.0,SAN HILARIO,34014.0
340049.0,GENERAL LUCIO VICTORIO MANSILLA,34021.0
340056.0,HERRADURA,34021.0
340063.0,MISION SAN FRANCISCO DE LAISHI,34021.0
340070.0,VILLA ESCOLAR,34021.0
340077.0,INGENIERO GUILLERMO N. JUAREZ,34028.0
340091.0,COMANDANTE FONTANA,34035.0
345042.0,FORTIN LUGONES,34035.0
340126.0,IBARRETA,34035.0
340133.0,LAS LOMITAS,34035.0
340140.0,POZO DEL TIGRE,34035.0
345049.0,SUBTENIENTE PERIN,34035.0
340119.0,GENERAL GUEMES,34035.0
340112.0,GENERAL BELGRANO,34035.0
340175.0,MISION TAACAGLE,34042.0
345063.0,TRES LAGUNAS,34042.0
340189.0,CLORINDA,34049.0
340169.0,LAGUNA BLANCA,34049.0
340210.0,RIACHO HE-HE,34049.0
345070.0,SIETE PALMAS,34049.0
340231.0,MAYOR VICENTE E. VILLAFANE,34056.0
340224.0,EL COLORADO,34056.0
340238.0,PALO SANTO,34056.0
340245.0,PIRANE,34056.0
340252.0,VILLA DOS TRECE,34056.0
340259.0,GENERAL MOSCONI,34063.0
386007.0,ABDON CASTRO TOLAY,38007.0
380014.0,ABRA PAMPA,38007.0
386014.0,ABRALAITE,38007.0
386035.0,AGUAS CALIENTES,38014.0
380077.0,PERICO,38014.0
386049.0,PUESTO VIEJO,38014.0
386042.0,PAMPA BLANCA,38014.0
380035.0,SAN SALVADOR DE JUJUY,38021.0
386028.0,YALA,38021.0
380105.0,HUMAHUACA,38028.0
386056.0,HIPOLITO YRIGOYEN,38028.0
386063.0,TRES CRUCES,38028.0
380119.0,CAIMANCITO,38035.0
380133.0,FRAILE PINTADO,38035.0
380140.0,LIBERTADOR GENERAL SAN MARTIN,38035.0
380154.0,PALPALA,38042.0
386077.0,RINCONADA,38049.0
386070.0,MINA PIRQUITAS,38049.0
386084.0,SAN ANTONIO,38056.0
380196.0,LA ESPERANZA,38063.0
386105.0,RODEITO,38063.0
386098.0,EL FUERTE,38070.0
386119.0,EL PIQUETE,38070.0
380238.0,EL TALAR,38070.0
386126.0,VINALITO,38070.0
386133.0,CIENEGUILLAS,38077.0
386140.0,CUSI CUSI,38077.0
386147.0,SANTA CATALINA,38077.0
386154.0,CATUA,38084.0
386161.0,CORANZULI,38084.0
386168.0,SUSQUES,38084.0
386175.0,HUACALERA,38094.0
380329.0,TILCARA,38094.0
386196.0,TUMBAYA,38098.0
386210.0,CASPALA,38105.0
386217.0,PAMPICHUELA,38105.0
386224.0,SAN FRANCISCO,38105.0
386231.0,SANTA ANA,38105.0
386238.0,VALLE GRANDE,38105.0
386245.0,BARRIOS,38112.0
386252.0,CANGREJILLOS,38112.0
386266.0,PUMAHUASI,38112.0
380406.0,LA QUIACA,38112.0
386021.0,PUESTO DEL MARQUES,38112.0
386273.0,YAVI,38112.0
420112.0,DOBLAS,42007.0
420259.0,MIGUEL RIGLOS,42007.0
420322.0,ROLON,42007.0
420189.0,LA ADELA,42014.0
420028.0,ANGUIL,42021.0
420336.0,SANTA ROSA,42021.0
420077.0,CATRILO,42028.0
420217.0,LONQUIMAY,42028.0
420098.0,CONHELO,42035.0
420119.0,EDUARDO CASTEX,42035.0
420238.0,MAURICIO MAYER,42035.0
420266.0,MONTE NIEVAS,42035.0
420413.0,WINIFREDA,42035.0
425070.0,GOBERNADOR DUVAL,42042.0
420329.0,SANTA ISABEL,42049.0
420049.0,BERNARDO LARROUDE,42056.0
420084.0,CEBALLOS,42056.0
420105.0,CORONEL HILARIO LAGOS,42056.0
420175.0,INTENDENTE ALVEAR,42056.0
420392.0,VERTIZ,42056.0
420011.0,ALGARROBO DEL AGUILA,42063.0
420196.0,LA HUMADA,42063.0
420014.0,ALPACHIRI,42070.0
420161.0,GUATRACHE,42070.0
425105.0,PERU,42070.0
420343.0,SANTA TERESA,42070.0
420007.0,ABRAMO,42077.0
420154.0,GENERAL SAN MARTIN,42077.0
420182.0,JACINTO ARAUZ,42077.0
425042.0,CUCHILLO CO,42084.0
425084.0,LIMAY MAHUIDA,42091.0
420070.0,CARRO QUEMADO,42098.0
420224.0,LUAN TORO,42098.0
420350.0,TELEN,42098.0
420399.0,VICTORICA,42098.0
425014.0,AGUSTONI,42105.0
420116.0,DORILA,42105.0
420147.0,GENERAL PICO,42105.0
425147.0,SPELUZZI,42105.0
422007.0,CASA DE PIEDRA,42112.0
420287.0,PUELEN,42112.0
420385.0,VEINTICINCO DE MAYO,42112.0
420091.0,COLONIA BARON,42119.0
420252.0,MIGUEL CANE,42119.0
420301.0,QUEMU QUEMU,42119.0
425126.0,RELMO,42119.0
420406.0,VILLA MIRASOL,42119.0
420210.0,LA MARUJA,42126.0
425112.0,PICHI HUINCA,42126.0
425119.0,QUETREQUEN,42126.0
425007.0,ADOLFO VAN PRAET,42133.0
425098.0,MAISONNAVE,42133.0
420126.0,EMBAJADOR MARTINI,42133.0
425063.0,FALUCHO,42133.0
420168.0,INGENIERO LUIGGI,42133.0
420315.0,REALICO,42133.0
420042.0,ATALIVA ROCA,42140.0
420035.0,ARATA,42147.0
420245.0,METILEO,42147.0
420371.0,TRENEL,42147.0
420042.0,ATALIVA ROCA,42154.0
425028.0,COLONIA SANTA MARIA,42154.0
420133.0,GENERAL ACHA,42154.0
420294.0,QUEHUE,42154.0
425154.0,UNANUE,42154.0
460007.0,ARAUCO,46007.0
460021.0,CASTRO BARROS,46021.0
460028.0,CORONEL FELIPE VARELA,46028.0
425049.0,CHACHARRAMENDI,42154.0
460035.0,CHAMICAL,46035.0
460049.0,FAMATINA,46049.0
460056.0,GENERAL ANGEL VICENTE PENALOZA,46056.0
460063.0,GENERAL BELGRANO,46063.0
460070.0,GENERAL JUAN FACUNDO QUIROGA,46070.0
460077.0,GENERAL LAMADRID,46077.0
460084.0,GENERAL OCAMPO,46084.0
460091.0,GENERAL SAN MARTIN,46091.0
460098.0,VINCHINA,46098.0
460105.0,INDEPENDENCIA,46105.0
460112.0,ROSARIO VERA PENALOZA,46112.0
460126.0,SANAGASTA,46126.0
500007.0,CAPITAL,50007.0
500014.0,GENERAL ALVEAR,50014.0
500021.0,GODOY CRUZ,50021.0
500028.0,GUAYMALLEN,50028.0
500042.0,LA PAZ,50042.0
500049.0,LAS HERAS,50049.0
500063.0,LUJAN DE CUYO,50049.0
500056.0,LAVALLE,50056.0
500049.0,LAS HERAS,50056.0
500063.0,LUJAN DE CUYO,50063.0
500028.0,GUAYMALLEN,50070.0
500077.0,MALARGUE,50077.0
500084.0,RIVADAVIA,50084.0
500035.0,JUNIN,50084.0
500091.0,SAN CARLOS,50091.0
500035.0,JUNIN,50098.0
500098.0,SAN MARTIN,50098.0
500105.0,SAN RAFAEL,50105.0
500119.0,TUNUYAN,50119.0
500126.0,TUPUNGATO,50126.0
540007.0,APOSTOLES,54007.0
540014.0,AZARA,54007.0
540021.0,SAN JOSE,54007.0
540035.0,ARISTOBULO DEL VALLE,54014.0
540042.0,CAMPO GRANDE,54014.0
540049.0,DOS DE MAYO,54014.0
540063.0,CANDELARIA,54021.0
540070.0,CERRO CORA,54021.0
540077.0,LORETO,54021.0
540084.0,MARTIRES,54021.0
540091.0,PROFUNDIDAD,54021.0
540098.0,SANTA ANA,54021.0
540119.0,POSADAS,54028.0
540126.0,CONCEPCION DE LA SIERRA,54035.0
540133.0,SANTA MARIA,54035.0
540154.0,ELDORADO,54042.0
540140.0,COLONIA DELICIA,54042.0
540182.0,COMANDANTE A. GUACURARY,54049.0
540175.0,BERNARDO DE IRIGOYEN,54049.0
540189.0,SAN ANTONIO,54049.0
540210.0,PUERTO ESPERANZA,54063.0
540224.0,LIBERTAD,54063.0
540217.0,IGUAZU,54063.0
540231.0,COLONIA WANDA,54063.0
540238.0,ALMAFUERTE,54070.0
540245.0,ARROYO DEL MEDIO,54070.0
540259.0,CERRO AZUL,54070.0
540273.0,GOBERNADOR LOPEZ,54070.0
540280.0,LEANDRO N. ALEM,54070.0
540287.0,OLEGARIO V. ANDRADE,54070.0
540301.0,EL ALCAZAR,54077.0
540315.0,LEONI,54077.0
540329.0,RUIZ DE MONTOYA,54077.0
540336.0,CARAGUATAY,54084.0
540350.0,PUERTO PIRAY,54084.0
540392.0,LOS HELECHOS,54091.0
540357.0,CAMPO RAMON,54091.0
540364.0,CAMPO VIERA,54091.0
540399.0,OBERA,54091.0
540378.0,GRAL. ALVEAR,54091.0
540385.0,GUARANI,54091.0
540406.0,PANAMBI,54091.0
540413.0,SAN MARTIN,54091.0
540469.0,SANTO PIPO,54098.0
540420.0,COLONIA POLANA,54098.0
540434.0,GENERAL J. J. URQUIZA,54098.0
540455.0,JARDIN AMERICA,54098.0
540476.0,AMEGHINO,54105.0
540490.0,MOJON GRANDE,54105.0
540504.0,SAN PEDRO,54112.0
540511.0,ALBA POSSE,54119.0
540518.0,COLONIA AURORA,54119.0
540525.0,25 DE MAYO,54119.0
580007.0,ALUMINE,58007.0
580252.0,VILLA PEHUENIA,58007.0
580014.0,ANELO,58014.0
580021.0,SAN PATRICIO DEL CHANAR,58014.0
580077.0,SENILLOSA,58035.0
580091.0,VISTA ALEGRE,58035.0
580042.0,CENTENARIO,58035.0
580049.0,CUTRAL CO,58035.0
580084.0,VILLA EL CHOCON,58035.0
580056.0,NEUQUEN,58035.0
580063.0,PLAZA HUINCUL,58035.0
580098.0,CHOS MALAL,58042.0
580105.0,TRICAO MALAL,58042.0
585056.0,VILLA CURI LEUVU,58042.0
580112.0,JUNIN DE LOS ANDES,58049.0
580119.0,SAN MARTIN DE LOS ANDES,58056.0
580126.0,LONCOPUE,58063.0
580133.0,VILLA LA ANGOSTURA,58070.0
585070.0,VILLA TRAFUL,58070.0
580147.0,HUINGANCO,58077.0
580154.0,LAS OVEJAS,58077.0
580161.0,LOS MICHES,58077.0
585084.0,MANZANO AMARGO,58077.0
585091.0,VARVARCO - INVERNADA VIEJA,58077.0
580168.0,CAVIAHUE-COPAHUE,58084.0
580182.0,EL HUECU,58084.0
580196.0,BARRANCAS,58091.0
580203.0,BUTA RANQUIL,58091.0
585105.0,OCTAVIO PICO,58091.0
585112.0,EL SAUCE,58098.0
585119.0,PASO AGUERRE,58098.0
580224.0,BAJADA DEL AGRIO,58105.0
580231.0,LAS LAJAS,58105.0
585140.0,LOS CATUTOS,58112.0
580238.0,MARIANO MORENO,58112.0
585147.0,RAMON CASTRO,58112.0
580245.0,ZAPALA,58112.0
620007.0,GUARDIA MITRE,62007.0
625014.0,SAN JAVIER,62007.0
620028.0,CHOELE CHOEL,62014.0
620035.0,CORONEL BELISLE,62014.0
620042.0,DARWIN,62014.0
620049.0,LAMARQUE,62014.0
620056.0,LUIS BELTRAN,62014.0
620063.0,POMONA,62014.0
620077.0,SAN CARLOS DE BARILOCHE,62021.0
620070.0,EL BOLSON,62021.0
625028.0,EL MANSO,62021.0
625077.0,AGUADA GUZMAN,62035.0
625056.0,EL CUY,62035.0
620133.0,CIPOLLETTI,62035.0
625098.0,NAUPA HUEN,62035.0
620161.0,GRAL. ROCA,62035.0
620091.0,ALLEN,62042.0
620140.0,CONTRALMIRANTE CORDERO,62042.0
620161.0,GRAL. ROCA,62042.0
620154.0,GRAL. FDEZ. ORO,62042.0
620112.0,CERVANTES,62042.0
620168.0,INGENIERO HUERGO,62042.0
620175.0,MAINQUE,62042.0
620133.0,CIPOLLETTI,62042.0
620182.0,VILLA REGINA,62042.0
620105.0,CATRIEL,62042.0
620126.0,CINCO SALTOS,62042.0
625210.0,COMICO,62049.0
620189.0,MINISTRO RAMOS MEXIA,62049.0
625259.0,PRAHUANIYEU,62049.0
620196.0,SIERRA COLORADA,62049.0
625119.0,RINCON DE TRENETA,62049.0
620224.0,PILCANIYEU,62056.0
625238.0,MAMUEL CHOIQUE,62056.0
620203.0,NORQUINCO,62056.0
625266.0,RIO CHICO,62056.0
620210.0,RIO COLORADO,62063.0
420189.0,LA ADELA,62063.0
620217.0,COMALLO,62070.0
620273.0,DINA HUAPI,62070.0
625231.0,LAGUNA BLANCA,62070.0
620224.0,PILCANIYEU,62070.0
625140.0,PILQUINIYEU DEL LIMAY,62070.0
625042.0,VILLA LLANQUIN,62070.0
620231.0,SAN ANTONIO OESTE,62077.0
625168.0,AGUADA CECILIO,62084.0
625182.0,NAHUEL NIYEU,62084.0
625189.0,SIERRA PAILEMAN,62084.0
620245.0,VALCHETA,62084.0
625196.0,AGUADA DE GUERRA,62091.0
625217.0,CLEMENTE ONELLI,62091.0
625203.0,COLAN CONHUE,62091.0
625224.0,EL CAIN,62091.0
620252.0,ING. JACOBACCI,62091.0
620259.0,LOS MENUCOS,62091.0
620266.0,MAQUINCHAO,62091.0
660007.0,APOLINARIO SARAVIA,66007.0
660014.0,EL QUEBRACHAL,66007.0
660021.0,GENERAL PIZARRO,66007.0
660035.0,LAS LAJITAS,66007.0
660042.0,CACHI,66014.0
660070.0,SAN LORENZO,66028.0
660063.0,SALTA,66028.0
660077.0,CERRILLOS,66035.0
660084.0,LA MERCED,66035.0
660091.0,CHICOANA,66042.0
660098.0,EL CARRIL,66042.0
660105.0,CAMPO SANTO,66049.0
660112.0,EL BORDO,66049.0
660119.0,GENERAL GUEMES,66049.0
660126.0,AGUARAY,66056.0
660133.0,EMBARCACION,66056.0
660154.0,PROFESOR SALVADOR MAZZA,66056.0
660140.0,GENERAL BALLIVIAN,66056.0
660175.0,IRUYA,66070.0
660182.0,ISLA DE CANAS,66070.0
660189.0,LA CALDERA,66077.0
660196.0,VAQUEROS,66077.0
660210.0,EL TALA,66084.0
660217.0,LA CANDELARIA,66084.0
660224.0,LA POMA,66091.0
660238.0,LA VINA,66098.0
660168.0,GUACHIPAS,66098.0
386168.0,SUSQUES,66105.0
660252.0,TOLAR GRANDE,66105.0
660259.0,EL GALPON,66112.0
660280.0,RIO PIEDRAS,66112.0
660266.0,METAN,66112.0
660273.0,MOLINOS,66119.0
660287.0,SECLANTAS,66119.0
660301.0,HIPOLITO YRIGOYEN,66126.0
660308.0,PICHANAL,66126.0
660322.0,URUNDEL,66126.0
660343.0,SANTA VICTORIA ESTE,66133.0
660329.0,RIVADAVIA BANDA NORTE,66133.0
660336.0,RIVADAVIA BANDA SUR,66133.0
660357.0,ROSARIO DE LA FRONTERA,66140.0
660364.0,CAMPO QUIJANO,66147.0
660371.0,ROSARIO DE LERMA,66147.0
660378.0,ANGASTACO,66154.0
660392.0,SAN CARLOS,66154.0
660406.0,NAZARENO,66161.0
660399.0,LOS TOLDOS,66161.0
700014.0,ANGACO,70014.0
700021.0,CALINGASTA,70021.0
700028.0,SAN JUAN,70028.0
700042.0,CHIMBAS,70042.0
700049.0,IGLESIA,70049.0
700056.0,JACHAL,70056.0
700063.0,9 DE JULIO,70063.0
700070.0,POCITO,70070.0
700077.0,RAWSON,70077.0
700112.0,ULLUM,70112.0
700133.0,ZONDA,70133.0
740007.0,CANDELARIA,74007.0
746007.0,LEANDRO N. ALEM,74007.0
740021.0,QUINES,74007.0
740028.0,SAN FRANCISCO,74007.0
746021.0,NOGOLI,74014.0
746028.0,"V, DE LA QUEBRADA",74014.0
746042.0,EL TRAPICHE,74021.0
740038.0,ESTANCIA GRANDE,74021.0
746063.0,SALADILLO,74021.0
740049.0,CONCARAN,74028.0
746070.0,CORTADERAS,74028.0
740056.0,NASCHEL,74028.0
746084.0,RENCA,74028.0
740063.0,TILISARAO,74028.0
746098.0,VILLA DEL CARMEN,74028.0
740070.0,JUSTO DARACT,74035.0
746133.0,LA PUNILLA,74035.0
746112.0,SAN JOSE DEL MORRO,74035.0
740077.0,VILLA MERCEDES,74035.0
746147.0,ANCHORENA,74042.0
746161.0,BAGUAL,74042.0
749182.0,FORTUNA,74042.0
746189.0,NAVIA,74042.0
740091.0,UNION,74042.0
740105.0,MERLO,74049.0
746210.0,LAFINUR,74049.0
746217.0,LOS MOLLES,74049.0
740098.0,STA ROSA DEL CONLARA,74049.0
746238.0,ALTO PENCOSO,74056.0
746245.0,BALDE,74056.0
746252.0,BEAZLEY,74056.0
746280.0,ZANJITAS,74056.0
740108.0,DESAGUADERO,74056.0
740119.0,JUANA KOSLAY,74056.0
746266.0,P. DE LOS FUNES,74056.0
740133.0,SAN LUIS,74056.0
746287.0,LAS VERTIENTES,74063.0
746294.0,LAS AGUADAS,74063.0
746301.0,LAS CHACRAS,74063.0
740140.0,SAN MARTIN,74063.0
746322.0,"V, DE PRAGA",74063.0
820007.0,ARMSTRONG,82007.0
820014.0,LAS PAREJAS,82007.0
820021.0,LAS ROSAS,82007.0
822014.0,MONTES DE OCA,82007.0
822028.0,AREQUITO,82014.0
822035.0,ARTEAGA,82014.0
822042.0,BERABEVU,82014.0
822056.0,CHABAS,82014.0
822077.0,LOS MOLINOS,82014.0
822091.0,SAN JOSE DE LA ESQUINA,82014.0
822084.0,LOS QUIRQUINCHOS,82014.0
822098.0,SANFORD,82014.0
822147.0,COLONIA ALDAO,82021.0
822112.0,ANGELICA,82021.0
822126.0,AURELIA,82021.0
822133.0,BAUER Y SIGEL,82021.0
822140.0,BELLA ITALIA,82021.0
822189.0,COLONIA MARGARITA,82021.0
822196.0,COLONIA RAQUEL,82021.0
822217.0,ESMERALDA,82021.0
822224.0,ESTACION CLUCELLAS,82021.0
822336.0,SAGUIER,82021.0
822231.0,EUSEBIA Y CAROLINA,82021.0
820035.0,FRONTERA,82021.0
822259.0,GARIBALDI,82021.0
822273.0,HUMBERTO PRIMO,82021.0
822287.0,LEHMANN,82021.0
822308.0,PLAZA CLUCELLAS,82021.0
822315.0,PRESIDENTE ROCA,82021.0
822322.0,PUEBLO MARINI,82021.0
820042.0,RAFAELA,82021.0
822329.0,RAMONA,82021.0
822350.0,SAN VICENTE,82021.0
822357.0,SANTA CLARA DE SAGUIER,82021.0
820049.0,SUNCHALES,82021.0
822364.0,SUSANA,82021.0
822385.0,VILA,82021.0
822392.0,VILLA SAN JOSE,82021.0
822399.0,VIRGINIA,82021.0
822413.0,ALCORTA,82028.0
820056.0,VILLA CONSTITUCION,82028.0
822490.0,PAVON,82028.0
822427.0,CANADA RICA,82028.0
822434.0,CEPEDA,82028.0
822441.0,EMPALME VILLA CONSTITUCION,82028.0
820063.0,FIRMAT,82028.0
822448.0,GENERAL GELLY,82028.0
822455.0,GODOY,82028.0
822462.0,JUAN BERNABE MOLINA,82028.0
822504.0,PEYRANO,82028.0
822511.0,RUEDA,82028.0
822525.0,SARGENTO CABRAL,82028.0
822532.0,THEOBALD,82028.0
822539.0,CAYASTA,82035.0
822553.0,HELVECIA,82035.0
822567.0,SANTA ROSA DE CALCHINES,82035.0
822574.0,AARON CASTELLANOS,82042.0
822581.0,AMENABAR,82042.0
822588.0,CAFFERATA,82042.0
822595.0,CANADA DEL UCLE,82042.0
822602.0,CARMEN,82042.0
822609.0,CARRERAS,82042.0
822616.0,CHAPUY,82042.0
822644.0,ELORTONDO,82042.0
820063.0,FIRMAT,82042.0
822651.0,HUGHES,82042.0
822665.0,LABORDEBOY,82042.0
822672.0,LAZZARINO,82042.0
822679.0,MAGGIOLO,82042.0
822693.0,MELINCUE,82042.0
822700.0,MIGUEL TORRES,82042.0
822707.0,MURPHY,82042.0
822721.0,SAN FRANCISCO DE SANTA FE,82042.0
822742.0,SANTA ISABEL,82042.0
822749.0,TEODELINA,82042.0
820277.0,VENADO TUERTO,82042.0
820084.0,VILLA CANAS,82042.0
822756.0,WHEELWRIGHT,82042.0
822763.0,ARROYO CEIBAL,82049.0
820091.0,AVELLANEDA,82049.0
822770.0,BERNA,82049.0
822777.0,EL ARAZA,82049.0
822784.0,EL RABON,82049.0
822798.0,FLORENCIA,82049.0
822805.0,GUADALUPE NORTE,82049.0
822812.0,INGENIERO CHANOURDIE,82049.0
822819.0,LA SARITA,82049.0
822826.0,LANTERI,82049.0
822833.0,LAS GARZAS,82049.0
822840.0,LOS LAURELES,82049.0
820105.0,MALABRIGO,82049.0
820112.0,RECONQUISTA,82049.0
822854.0,SAN ANTONIO DE OBLIGADO,82049.0
822861.0,TACUARENDI,82049.0
822868.0,VILLA ANA,82049.0
822875.0,VILLA GUILLERMINA,82049.0
820133.0,TOTORAS,82056.0
822882.0,BUSTINZA,82056.0
820126.0,CANADA DE GOMEZ,82056.0
822889.0,CARRIZALES,82056.0
822903.0,CORREA,82056.0
822910.0,LUCIO V. LOPEZ,82056.0
822917.0,OLIVEROS,82056.0
822924.0,PUEBLO ANDINO,82056.0
822931.0,SALTO GRANDE,82056.0
822945.0,VILLA ELOISA,82056.0
822952.0,ARROYO AGUIAR,82063.0
822959.0,ARROYO LEYES,82063.0
822966.0,CABAL,82063.0
822980.0,CANDIOTI,82063.0
820140.0,LAGUNA PAIVA,82063.0
822994.0,LLAMBI CAMPBELL,82063.0
823008.0,NELSON,82063.0
820144.0,RECREO,82063.0
823022.0,SAN JOSE DEL RINCON,82063.0
820147.0,SANTA FE,82063.0
820154.0,SANTO TOME,82063.0
823029.0,SAUCE VIEJO,82063.0
823036.0,CAVOUR,82070.0
823064.0,EMPALME SAN CARLOS,82070.0
820161.0,ESPERANZA,82070.0
823071.0,FELICIA,82070.0
823085.0,GRUTLY,82070.0
823099.0,HUMBOLDT,82070.0
823120.0,LA PELADA,82070.0
823127.0,LAS TUNAS,82070.0
823134.0,MARIA LUISA,82070.0
823141.0,MATILDE,82070.0
823148.0,NUEVO TORINO,82070.0
823155.0,PILAR,82070.0
823162.0,PROGRESO,82070.0
823190.0,SA PEREYRA,82070.0
823204.0,SAN CARLOS NORTE,82070.0
823211.0,SAN CARLOS SUD,82070.0
823225.0,SAN JERONIMO NORTE,82070.0
823232.0,SAN MARIANO,82070.0
823239.0,SANTA CLARA DE BUENA VISTA,82070.0
823260.0,SANTO DOMINGO,82070.0
823267.0,SARMIENTO,82070.0
823295.0,GREGORIA PEREZ DE DENIS,82077.0
823309.0,LOGRONO,82077.0
823316.0,MONTEFIORE,82077.0
823330.0,SAN BERNARDO,82077.0
820175.0,TOSTADO,82077.0
823344.0,VILLA MINETTI,82077.0
823351.0,ACEBAL,82084.0
823358.0,ALBARELLOS,82084.0
823372.0,ALVEAR,82084.0
823379.0,ARMINDA,82084.0
820182.0,ARROYO SECO,82084.0
823386.0,CARMEN DEL SAUCE,82084.0
823393.0,CORONEL BOGADO,82084.0
823400.0,FIGHIERA,82084.0
823407.0,GENERAL LAGOS,82084.0
820196.0,GRANADERO BAIGORRIA,82084.0
823414.0,IBARLUCEA,82084.0
823421.0,PINERO,82084.0
820203.0,PEREZ,82084.0
823428.0,PUEBLO ESTHER,82084.0
823435.0,PUEBLO MUNOZ,82084.0
823449.0,URANGA,82084.0
823442.0,SOLDINI,82084.0
823477.0,AGUARA GRANDE,82091.0
823491.0,ARRUFO,82091.0
823554.0,HUANQUEROS,82091.0
823498.0,CAPIVARA,82091.0
820224.0,CERES,82091.0
823505.0,COLONIA ANA,82091.0
823512.0,COLONIA BOSSI,82091.0
823519.0,COLONIA ROSA,82091.0
823526.0,CONSTANZA,82091.0
823547.0,HERSILIA,82091.0
823561.0,LA CABRAL,82091.0
823575.0,LA LUCILA,82091.0
823596.0,LAS PALMERAS,82091.0
823603.0,MOISES VILLE,82091.0
823631.0,PALACIOS,82091.0
823645.0,SAN GUILLERMO,82091.0
823659.0,SOLEDAD,82091.0
823666.0,SUARDI,82091.0
823687.0,ALEJANDRA,82098.0
823694.0,CACIQUE ARIACAIQUIN,82098.0
823701.0,COLONIA DURAN,82098.0
823708.0,LA BRAVA,82098.0
823722.0,AROCENA,82105.0
823827.0,MONJE,82105.0
823729.0,BARRANCAS,82105.0
823764.0,DESVIO ARIJON,82105.0
823736.0,BERNARDO DE IRIGOYEN,82105.0
823771.0,DIAZ,82105.0
823778.0,GABOTO,82105.0
823785.0,GESSLER,82105.0
823799.0,LARRECHEA,82105.0
823806.0,LOMA ALTA,82105.0
823834.0,SAN EUGENIO,82105.0
823841.0,SAN FABIAN,82105.0
823876.0,COLONIA DOLORES,82112.0
823883.0,ESTHER,82112.0
823904.0,LA CRIOLLA,82112.0
823918.0,MARCELINO ESCALADA,82112.0
823932.0,PEDRO GOMEZ CELLO,82112.0
823946.0,SAN BERNARDO,82112.0
823953.0,SAN MART,82112.0
823960.0,SILVA,82112.0
820266.0,CAPITAN BERMUDEZ,82119.0
823988.0,CORONEL ARNOLD,82119.0
820294.0,ROLDAN,82119.0
824023.0,SAN JERONIMO SUD,82119.0
820301.0,SAN LORENZO,82119.0
824030.0,TIMBUES,82119.0
824044.0,CANADA ROSQUIN,82126.0
824051.0,CARLOS PELLEGRINI,82126.0
824058.0,CASAS,82126.0
824065.0,CASTELAR,82126.0
824072.0,COLONIA BELGRANO,82126.0
820308.0,EL TREBOL,82126.0
824100.0,LAS PETACAS,82126.0
824107.0,LOS CARDOS,82126.0
824114.0,MARIA SUSANA,82126.0
824121.0,PIAMONTE,82126.0
820315.0,SAN JORGE,82126.0
820322.0,SASTRE,82126.0
824135.0,TRAILL,82126.0
824142.0,CANADA OMBU,82133.0
824170.0,INTIYACO,82133.0
824149.0,FORTIN OLMOS,82133.0
824177.0,LA GALLARETA,82133.0
824184.0,LOS AMORES,82133.0
824198.0,TARTAGAL,82133.0
824205.0,TOBA,82133.0
100217.0,SANTA ROSA,86084.0
908021.0,EL NARANJO Y EL SUNCHAL,90007.0
908014.0,EL CHANAR,90007.0
908042.0,GARMENDIA,90007.0
908049.0,GDOR. PIEDRABUENA,90007.0
908007.0,7 DE ABRIL,90007.0
900007.0,MUNICIPALIDAD DE BURRUYACU,90007.0
908070.0,VILLA PADRE MONTI,90007.0
900021.0,MUNICIPALIDAD DE ALDERETES,90014.0
908105.0,LA FLORIDA Y LUISIANA,90014.0
908112.0,LAS CEJAS,90014.0
908140.0,LOS RALOS,90014.0
908147.0,RANCHILLOS Y SAN MIGUEL,90014.0
908154.0,SAN ANDRES,90014.0
908161.0,ALPACHIRI Y EL MOLINO,90021.0
908168.0,ALTO VERDE Y LOS GUCHEA,90021.0
908175.0,ARCADIA,90021.0
900035.0,MUNICIPALIDAD DE CONCEPCION,90021.0
908189.0,TRINIDAD,90021.0
908210.0,TACO RALO,90035.0
900091.0,MUNICIPALIDAD DE AGUILARES,90077.0
908483.0,SANTA ANA,90077.0
900014.0,MUNICIPALIDAD DE SAN MIGUEL DE TUCUMAN,90084.0
908518.0,MONTEAGUDO,90091.0
900063.0,MUNICIPALIDAD DE LA COCHA,90049.0
900070.0,MUNICIPALIDAD DE BELLA VISTA,90056.0
908315.0,LOS PUESTOS,90056.0
908322.0,MANUEL GARCIA FERNANDEZ,90056.0
908329.0,QUILMES Y LOS SUELDOS,90056.0
908343.0,SANTA ROSA DE LEALES Y L. BLANCA,90056.0
908350.0,VILLA DE LEALES,90056.0
900014.0,MUNICIPALIDAD DE SAN MIGUEL DE TUCUMAN,90063.0
908357.0,EL MANANTIAL,90063.0
908371.0,SAN PABLO Y VILLA NOUGUES,90063.0
908378.0,ACHERAL,90070.0
900084.0,MUNICIPALIDAD DE MONTEROS,90070.0
908406.0,LEON ROUGES Y SANTA ROSA,90070.0
908553.0,VILLA DE CHICLIGASTA,90091.0
908567.0,AMAICHA DEL VALLE,90098.0
908574.0,COLALAO DEL VALLE,90098.0
900119.0,MUNICIPALIDAD DE TAFI VIEJO,90105.0
908602.0,EL CADILLAL,90105.0
900112.0,MUNICIPALIDAD DE LAS TALITAS,90105.0
908630.0,SAN PEDRO DE COLALAO,90112.0
900126.0,MUNICIPALIDAD DE TRANCAS,90112.0
908560.0,MUNICIPALIDAD DE YERBA BUENA,90119.0
940014.0,USHUAIA,94015.0
540028.0,TRES CAPONES,54007.0
660203.0,EL JARDIN,66084.0
822154.0,COLONIA BICHA,82021.0
822469.0,JUNCAL,82028.0
822518.0,SANTA TERESA,82028.0
823337.0,SANTA MARGARITA,82077.0
823680.0,VILLA TRINIDAD,82091.0
820336.0,VERA,82133.0
900049.0,MUNICIPALIDAD DE GRANEROS,90035.0
908203.0,LAMADRID,90035.0
900077.0,MUNICIPALIDAD DE LULES,90063.0
540497.0,SAN JAVIER,54105.0
585126.0,QUILI MALAL,58105.0
540448.0,HIPOLITO IRIGOYEN,54098.0
823589.0,LAS AVISPAS,82091.0
60392.0,GENERAL VILLEGAS,6392.0
140105.0,ESTACION JUAREZ CELMAN,14021.0
142154.0,EL BRETE,14028.0
140196.0,SERREZUELA,14028.0
140301.0,LA LAGUNA,14042.0
140413.0,GENERAL CABRERA,14056.0
140434.0,LA CARLOTA,14056.0
140651.0,SERRANO,14084.0
140826.0,LA CAUTIVA,14098.0
142812.0,IMPIRA,14119.0
141015.0,LAGUNA LARGA,14119.0
142196.0,LOS CHANARITOS (C.D. EJE),14119.0
141092.0,MINA CLAVERO,14126.0
142252.0,VILLA SARMIENTO (G.R.),14126.0
141127.0,LA PAZ,14133.0
142945.0,COLONIA LAS PICHANAS,14140.0
141309.0,MORTEROS,14140.0
141372.0,ALTA GRACIA,14147.0
141442.0,DALMACIO VELEZ,14161.0
141491.0,RIO TERCERO,14161.0
143211.0,EL RODEO,14175.0
141673.0,MONTE LENA,14182.0
141680.0,MONTE MAIZ,14182.0
143246.0,VILLA LOS PATOS,14182.0
180119.0,ITA IBATE,18063.0
180238.0,MARIANO I. LOZA,18105.0
180259.0,JUAN PUJOL,18112.0
180287.0,PARADA PUCHETA,18119.0
180336.0,SANTA ANA,18133.0
220014.0,LOS FRENTONES,22007.0
220070.0,PUERTO EVA PERON,22014.0
220091.0,GANCEDO,22036.0
220119.0,CHOROTIS,22043.0
220147.0,LAPACHITO,22056.0
220210.0,AVIA TERAI,22070.0
220476.0,MACHAGAI,22168.0
260063.0,CAMARONES,26028.0
260105.0,TECKA,26056.0
260133.0,RIO MAYO,26084.0
340098.0,ESTANISLAO DEL CAMPO,34035.0
345056.0,BUENA VISTA,34042.0
340168.0,ESPINILLO,34042.0
340203.0,LAGUNA NAIK NECK,34049.0
386021.0,PUESTO DEL MARQUES,38007.0
380063.0,MONTERRICO,38014.0
386140.0,CUSI CUSI,38049.0
386091.0,ARRAYANAL,38063.0
380224.0,SAN PEDRO DE JUJUY,38063.0
386112.0,ROSARIO DE RIO GRANDE,38063.0
380203.0,LA MENDIETA,38063.0
380245.0,PALMA SOLA,38070.0
380252.0,SANTA CLARA,38070.0
386182.0,MAIMARA,38094.0
386203.0,VOLCAN,38098.0
386259.0,EL CONDOR,38112.0
420231.0,MACACHIN,42007.0
420364.0,TOMAS MANUEL ANCHORENA,42007.0
425133.0,RUCANELO,42035.0
420056.0,BERNASCONI,42077.0
425091.0,LOVENTUE,42098.0
420063.0,CALEUFU,42126.0
420273.0,PARERA,42126.0
420357.0,TOAY,42140.0
460014.0,CAPITAL,46014.0
460042.0,CHILECITO,46042.0
460119.0,SAN BLAS DE LOS SAUCES,46119.0
500070.0,MAIPU,50070.0
540056.0,BONPLAND,54021.0
540112.0,GARUPA,54028.0
540168.0,SANTIAGO DE LINIERS,54042.0
540203.0,SAN VICENTE,54056.0
540308.0,GARUHAPE,54077.0
540371.0,COLONIA ALBERDI,54091.0
540462.0,SAN IGNACIO,54098.0
585035.0,SANTO TOMAS,58028.0
580070.0,PLOTTIER,58035.0
585063.0,CHORRIACA,58063.0
580140.0,ANDACOLLO,58077.0
585098.0,VILLA DEL NAHUEVE,58077.0
580175.0,EL CHOLAR,58084.0
620014.0,VIEDMA,62007.0
625070.0,MENCUEN,62035.0
625105.0,PENAS BLANCAS,62042.0
620119.0,CHICHINALES,62042.0
620147.0,GRAL. ENRIQUE GODOY,62042.0
625161.0,CONA NIYEU,62049.0
625245.0,OJOS DE AGUA,62056.0
620238.0,SIERRA GRANDE,62077.0
625154.0,ARROYO VENTANA,62084.0
625252.0,PILQUINIYEU,62091.0
660028.0,JOAQUIN V. GONZALEZ,66007.0
660049.0,PAYOGASTA,66014.0
660056.0,CAFAYATE,66021.0
660147.0,GENERAL MOSCONI,66056.0
660161.0,TARTAGAL,66056.0
660231.0,CORONEL MOLDES,66098.0
660245.0,SAN ANTONIO DE LOS COBRES,66105.0
660294.0,COLONIA SANTA ROSA,66126.0
660385.0,ANIMANA,66154.0
700007.0,ALBARDON,70007.0
700035.0,CAUCETE,70035.0
700105.0,SARMIENTO,70105.0
700126.0,25 DE MAYO,70126.0
740014.0,LUJAN,74007.0
746014.0,LA CALERA,74014.0
740035.0,"V, GRAL, ROCA",74014.0
740042.0,LA TOMA,74021.0
746077.0,PAPAGAYOS,74028.0
746105.0,VILLA LARCA,74028.0
749119.0,JUAN JORBA,74035.0
740073.0,RANQUELES,74035.0
746154.0,ARIZONA,74042.0
746168.0,BATAVIA,74042.0
740084.0,BUENA ESPERANZA,74042.0
746196.0,NUEVA GALIA,74042.0
746259.0,EL VOLCAN,74056.0
749007.0,LA PUNTA,74056.0
746273.0,SAN JERONIMO,74056.0
746315.0,PASO GRANDE,74063.0
822049.0,BIGAND,82014.0
820028.0,CASILDA,82014.0
822063.0,CHANAR LADEADO,82014.0
822105.0,VILLADA,82014.0
822280.0,JOSEFINA,82021.0
822175.0,COLONIA CELLO,82021.0
822203.0,CORONEL FRAGA,82021.0
822238.0,EUSTOLIA,82021.0
822343.0,SAN ANTONIO,82021.0
822371.0,TACURAL,82021.0
822476.0,LA VANGUARDIA,82028.0
822483.0,M9XIMO PAZ,82028.0
822560.0,SALADERO MARIANO CABAL,82035.0
822658.0,LA CHISPA,82042.0
820070.0,RUFINO,82042.0
822714.0,SAN EDUARDO,82042.0
822728.0,SAN GREGORIO,82042.0
822735.0,SANCTI SPIRITU,82042.0
820098.0,LAS TOSCAS,82049.0
822938.0,SERODINO,82056.0
823001.0,MONTE VERA,82063.0
822973.0,CAMPO ANDINO,82063.0
823050.0,CULULU,82070.0
823092.0,HIPATIA,82070.0
823169.0,PROVIDENCIA,82070.0
823218.0,SAN JERONIMO DEL SAUCE,82070.0
823281.0,ESTEBAN RAMS,82077.0
823288.0,GATO COLORADO,82077.0
823323.0,POZO BORRADO,82077.0
823470.0,CORONEL DOMINGUEZ,82084.0
820189.0,FUNES,82084.0
823456.0,VILLA AMELIA,82084.0
820217.0,VILLA GOBERNADOR GALVEZ,82084.0
823610.0,MONIGOTES,82091.0
823652.0,SANTURCE,82091.0
823673.0,VILLA SARALEGUI,82091.0
823757.0,CENTENO,82105.0
820252.0,GALVEZ,82105.0
820256.0,SAN GENARO,82105.0
823911.0,LA PENCA Y CARAGUATA,82112.0
823939.0,RAMAYON,82112.0
823974.0,VIDELA,82112.0
824002.0,LUIS PALACIOS,82119.0
824009.0,PUJATO,82119.0
824016.0,RICARDONE,82119.0
824079.0,CRISPI,82126.0
824128.0,SAN MART,82126.0
908056.0,LA RAMADA Y LA CRUZ,90007.0
908063.0,BENJAMIN ARAOZ Y EL TAJAMAR,90007.0
900028.0,MUNICIPALIDAD DE BANDA DEL RIO SALI,90014.0
908077.0,COLOMBRES,90014.0
908133.0,LOS PEREZ,90014.0
908084.0,DELFIN GALLO,90014.0
908091.0,EL BRACHO Y EL CEVILAR,90014.0
900042.0,MUNICIPALIDAD DE FAMAILLA,90028.0
900056.0,MUNICIPALIDAD DE JUAN BAUTISTA ALBERDI,90042.0
908434.0,SARGENTO MOYA,90070.0
908441.0,SOLDADO MALDONADO,90070.0
908448.0,TENIENTE BERDINA,90070.0
908455.0,VILLA QUINTEROS,90070.0
900098.0,MUNICIPALIDAD DE SIMOCA,90091.0
908259.0,SAN JOSE DE LA COCHA,90049.0
908294.0,ESTACION ARAOZ Y TACANAS,90056.0
908336.0,RIO COLORADO,90056.0
908581.0,EL MOLLAR,90098.0
900105.0,MUNICIPALIDAD DE TAFI DEL VALLE,90098.0
908616.0,LOS NOGALES,90105.0
940007.0,RIO GRANDE,94008.0
540266.0,DOS ARROYOS,54070.0
540322.0,PUERTO RICO,54077.0
908196.0,MEDINA,90021.0
824093.0,LAS BANDURRIAS,82126.0
100105.0,PUERTA DE SAN JOSE,10035.0
140462.0,SANTA EUFEMIA,14056.0
140532.0,GENERAL BALDISSERA,14063.0
141141.0,SAN JOSE,14133.0
220035.0,GENERAL VEDIA,22014.0
220385.0,BARRANQUERAS,22140.0
260028.0,EL MAITEN,26014.0
420021.0,ALTA ITALIA,42133.0
142056.0,LUTTI,14007.0
140189.0,SAN MARCOS SIERRAS,14028.0
140441.0,LOS CISNES,14056.0
140833.0,LAS ACEQUIAS,14098.0
142973.0,TORO PUJIO,14140.0
141638.0,CINTRA,14182.0
180112.0,CAA CATI,18063.0
180189.0,CRUZ DE LOS MILAGROS,18091.0
220329.0,LAS BRENAS,22105.0
220413.0,RESISTENCIA,22140.0
380056.0,EL CARMEN,38014.0
380091.0,EL AGUILAR,38028.0
386189.0,PURMAMARCA,38098.0
420280.0,PUELCHES,42042.0
425140.0,SARAH,42056.0
540252.0,CAA YARI,54070.0
540343.0,MONTECARLO,54084.0
540427.0,CORPUS,54098.0
540441.0,GOBERNADOR ROCA,54098.0
585014.0,AGUADA SAN ROQUE,58014.0
580028.0,LAS COLORADAS,58021.0
580217.0,PICUN LEUFU,58098.0
620084.0,GRAL. CONESA,62028.0
620091.0,ALLEN,62035.0
660168.0,GUACHIPAS,66063.0
660315.0,SAN RAMON DE LA NUEVA ORAN,66126.0
660413.0,SANTA VICTORIA OESTE,66161.0
700091.0,SAN MARTIN,70091.0
700098.0,SANTA LUCIA,70098.0
700119.0,VALLE FERTIL,70119.0
746091.0,SAN PABLO,74028.0
746126.0,JUAN LLERENA,74035.0
746140.0,LAVAISSE,74035.0
749175.0,FORTIN EL PATRIA,74042.0
746203.0,CARPINTERIA,74049.0
822007.0,BOUQUET,82007.0
822119.0,ATALIVA,82021.0
822168.0,CASTELLANOS,82021.0
822210.0,EGUSQUIZA,82021.0
822420.0,BOMBAL,82028.0
822896.0,CLASON,82056.0
822987.0,EMILIA,82063.0
823365.0,ALVAREZ,82084.0
823533.0,CURUPAITY,82091.0
823582.0,LA RUBIA,82091.0
820231.0,SAN CRISTOBAL,82091.0
823715.0,ROMANG,82098.0
820238.0,SAN JAVIER,82098.0
823750.0,CASALEGNO,82105.0
820245.0,CORONDA,82105.0
823813.0,LOPEZ,82105.0
823869.0,CAYASTACITO,82112.0
823890.0,GOBERNADOR CRESPO,82112.0
823925.0,NARE,82112.0
820259.0,SAN JUSTO,82112.0
824037.0,VILLA MUGUETA,82119.0
824086.0,LANDETA,82126.0
908469.0,LOS SARMIENTO Y LA TIPA,90077.0
908490.0,ATAHONA,90091.0
908546.0,SANTA CRUZ Y LA TUNA,90091.0
908392.0,CAPITAN CACERES,90070.0
143239.0,COLONIA BREMEN,14182.0
349105.0,PORTON NEGRO,34042.0
380147.0,YUTO,38035.0
420140.0,GENERAL CAMPOS,42070.0
180203.0,LAVALLE,18091.0
220406.0,PUERTO VILELAS,22140.0
340147.0,SAN MARTIN DOS,34035.0
540161.0,9 DE JULIO,54042.0
580210.0,RINCON DE LOS SAUCES,58091.0
625112.0,VALLE AZUL,62035.0
620098.0,CAMPO GRANDE,62042.0
660350.0,EL POTRERO,66140.0
700084.0,RIVADAVIA,70084.0
822021.0,TORTUGAS,82007.0
822623.0,CHOVET,82042.0
822630.0,CHRISTOPHERSEN,82042.0
823057.0,ELISA,82070.0
823078.0,FRANCK,82070.0
823113.0,JACINTO L. ARAUZ,82070.0
823197.0,SAN AGUSTIN,82070.0
820168.0,SAN CARLOS CENTRO,82070.0
823463.0,ZAVALLA,82084.0
820273.0,CARCARANA,82119.0
823995.0,FUENTES,82119.0
820329.0,CALCHAQUI,82133.0
824156.0,GARABATO,82133.0
824163.0,GOLONDRINA,82133.0
908532.0,RIO CHICO Y NUEVA TRINIDAD,90091.0
908623.0,CHOROMORO,90112.0
908644.0,CEVIL REDONDO,90119.0
580035.0,PIEDRA DEL AGUILA,58028.0
420378.0,URIBURU,42028.0
540294.0,CAPIOVI,54077.0
620021.0,CHIMPAY,62014.0
625147.0,ARROYO LOS BERROS,62084.0
746224.0,TALITA,74049.0
746308.0,LAS LAGUNAS,74063.0
822294.0,MARIA JUANA,82021.0
822497.0,PAVON ARRIBA,82028.0
823484.0,AMBROSETTI,82091.0
908224.0,COMUNA VILLA BELGRANO,90042.0
908420.0,RIO SECO,90070.0
942007.0,TOLHUIN,94008.0
822637.0,DIEGO DE ALVEAR,82042.0
220105.0,GENERAL PINEDO,22036.0
100014.0,LA PUERTA,10007.0
140287.0,CHAZON,14042.0
540483.0,ITACARUARE,54105.0
746035.0,CAROLINA,74021.0
822070.0,GODEKEN,82014.0
823862.0,ANGELONI,82112.0
823967.0,VERA Y PINTADO,82112.0
824191.0,MARGARITA,82133.0
380126.0,CALILEGUA,38035.0
425077.0,LA REFORMA,42091.0
820280.0,FRAY LUIS BELTRAN,82119.0
908427.0,SANTA LUCIA,90070.0
141071.0,RIO SEGUNDO,14119.0
822686.0,MARIA TERESA,82042.0
823624.0,NANDUCITA,82091.0
220294.0,PRESIDENCIA ROCA,22084.0
420308.0,RANCUL,42126.0
141274.0,LA TORDILLA,14140.0
500112.0,SANTA ROSA,50112.0
540196.0,EL SOBERBIO,54056.0
823792.0,PUEBLO IRIGOYEN,82105.0
823820.0,MACIEL,82105.0
500035.0,JUNIN,50035.0
822406.0,ZENON PEREYRA,82021.0
823981.0,ALDAO,82119.0
540147.0,COLONIA VICTORIA,54042.0
746049.0,FRAGA,74021.0
