,operador_id,producto
0,0,SOJA
1,1,GIRASOL
2,1,MIJO
3,1,RESIDUO VEGETAL
4,2,MAIZ
5,2,AVENA
6,2,CAMPO NATURAL
7,3,SOJA
8,3,ALPISTE
9,4,SOJA
10,4,ALPISTE
11,4,TRIGO
12,5,CEREALES
13,6,CEREALES
14,7,NUEZ PECAN
15,7,PASTURAS
16,7,INCULTO
17,8,GANADERIA BOVINA
18,9,ARANDANO
19,10,ARANDANO
20,10,FRAMBUESA
21,10,MORA
22,10,TOMATE
23,10,PIMIENTO
24,10,ZAPALLO
25,10,INCULTO
26,11,ARANDANO
27,11,DESCANSO
28,12,TRIGO
29,12,SOJA
30,13,LINO DORADO
31,13,SOJA
32,14,TRIGO
33,14,SOJA
34,15,TRIGO
35,15,SOJA
36,16,ARANDANO
37,16,PASTURAS
38,17,ARANDANO
39,17,NARANJA
40,18,VACAS
41,18,VAQUILLONAS
42,18,NOVILLOS
43,18,TOROS
44,18,TERNERAS
45,19,OLIVO
46,20,REPOLLO
47,20,ACELGA
48,20,BROCOLI
49,20,HINOJO
50,20,HABAS
51,20,ESPINACA
52,20,COLIFLOR
53,20,LECHUGA
54,20,CEBOLLA DE VERDEO
55,20,MANZANA
56,20,HIGOS
57,20,CIRUELA
58,20,PERA
59,20,DURAZNO
60,20,MANDARINA
61,20,POMELO
62,20,FORESTALES
63,21,ARANDANO
64,21,MORA
65,21,CIRUELA
66,21,DURAZNO
67,22,ARANDANOS
68,23,HORTALIZAS
69,24,HORTICULTURA: HORTALIZAS DE RAIZ
70,24,HOJA
71,24,FRUTOS
72,25,HUEVOS
73,26,AVENA
74,26,TRIGO
75,27,KIWI
76,28,CEREALES
77,29,CEREALES
78,30,TRIGO
79,30,CENTENO
80,30,AVENA
81,30,CEBADA
82,30,PASTURAS
83,30,CAMPO NATURAL
84,31,CEREALES
85,32,CEREALES
86,33,MAIZ
87,33,SOJA
88,33,GIRASOL
89,33,LINO
90,33,TRIGO
91,34,MAIZ
92,34,LINO
93,34,TRIGO
94,34,GIRASOL
95,35,AVENA
96,35,ARVEJA
97,35,ABONO VERDE
98,35,TRIGO
99,35,SORGO
100,37,VACAS
101,37,TERNEROS
102,38,KIWI
103,38,LIMON
104,38,MORAS SILVESTRES
105,38,NOGALES
106,38,MANDARINA
107,38,HIGO
108,40,CEREALES
109,40,OLEAGINOSAS
110,41,LECHE
111,41,VACAS DE TAMBO
112,41,VAQUILLONAS
113,41,TOROS
114,41,TERNERAS
115,41,TERNEROS
116,42,AVENA
117,43,RUCULA
118,43,RABANITO
119,43,PUERROS
120,43,PIMIENTOS
121,43,BERENJENAS
122,43,CEBOLLA
123,43,PEREJIL
124,43,ACELGA
125,43,REMOLACHA
126,43,ZAPALLO
127,43,BATATA
128,43,HINOJO
129,43,ESCAROLA
130,43,REPOLLO
131,43,ZANAHORIA
132,43,CHAUCHA
133,43,ZAPALLITO
134,43,ZUCCHINI
135,43,TOMATE
136,43,LECHUGA
137,43,CIBOULETTE
138,43,FRUTILLA
139,43,ESPINACA
140,43,ARVEJA
141,43,HABAS
142,43,PAK CHOY
143,43,RADICHETA
144,43,APIO
145,43,JENJIBRE
146,43,MILENRAMA
147,43,CEDRON
148,43,SALVIA
149,43,MENTA
150,43,MELISA
151,43,TOMILLO
152,43,ROMERO
153,43,MOSTAZA
154,43,CURCUMA
155,43,AJENJO
156,43,KALE
157,43, LIMON
158,43,MANZANA
159,43,BROCOLI
160,43,AJO
161,43,ALCAUCIL.
162,44,CEREALES
163,44,OLEAGINOSAS
164,45,CEREALES
165,45,OLEAGINOSAS
166,46,CEREALES
167,46,OLEAGINOSAS
168,47,PASTURAS
169,47,SORGO
170,47,CEBADA
171,47,TRIGO
172,47,CAMPO NATURAL
173,48,GANADERIA BOVINA
174,49,CEREALES
175,50,AVENA
176,50,CEBADA
177,50,TRIGO
178,51,ZAPALLO RED HOKKAIDO
179,51,CEBOLLA
180,52,AVENA
181,52,TRIGO
182,53,AVENA
183,53,TRIGO
184,54,KIWI
185,54,DESCANSO
186,54,MONTE
187,55,SOJA
188,56,GANADERIA BOVINA
189,57,TRIGO
190,58,TRIGO
191,60,SOJA
192,60,ABONO VERDE
193,61,MAIZ
194,62,MAIZ
195,63,SOJA
196,63,MAIZ
197,64,SOJA
198,64,ARVEJA
199,64,MAIZ
200,64,RESIDUO VEGETAL
201,65,CENTENO
202,65,MAIZ PISINGALLO
203,65,DESCANSO
204,65,SOJA
205,66,CEBADA
206,66,TRIGO
207,66,GANADERIA BOVINA
208,67,VACAS
209,67,TERNERAS
210,67,TOROS
211,67,VAQUILLONAS
212,67,NOVILLOS
213,68,GIRASOL ALTO OLEICO
214,68,DINKEL
215,69,ROMERO
216,69,LAVANDA
217,69,LAVANDIN
218,69,OREGANO
219,69,TOMILLO
220,69,SALVIA
221,69,HISOPO
222,69,MELISA
223,69,AJEDREA
224,70,SORGO FORRAJERO
225,70,GIRASOL
226,70,GANADERIA BOVINA
227,70,GANADERIA OVINA
228,72,VACAS
229,72,TERNERAS
230,72,TOROS
231,73,PASTURAS
232,74,MAIZ PISINGALLO
233,74,DESCANSO
234,74,GIRASOL ALTO OLEICO
235,75,CEREALES
236,75,OLEAGINOSAS
237,76,ALZA MELARIA
238,76,COLMENAS
239,76,NUCLEOS
240,77,TOROS
241,77,VACAS
242,77,TERNERAS
243,77,TERNEROS
244,78,ALFALFA
245,78,TRIGO
246,78,CENTENO
247,79,HORTALIZAS
248,81,CEREALES
249,81,OLEAGINOSAS
250,82,CEREALES
251,82,OLEAGINOSAS
252,83,CEREALES
253,83,OLEAGINOSAS
254,84,CEREALES
255,84,OLEAGINOSAS
256,85,CEREALES
257,85,OLEAGINOSAS
258,86,ZANAHORIA
259,86,CEBOLLA VERDEO
260,86,REPOLLO
261,86,LECHUGA
262,86,ACELGA
263,86,PEREJIL
264,86,RUCULA
265,86,PUERRO
266,86,NABO
267,86,AJO
268,86,ESPINACA
269,86,RADICHETA
270,87,INCULTO
271,87,AVENA
272,87,PASTURAS
273,87,CENTENO
274,87,SORGO
275,87,GIRASOL
276,88,CEREALES
277,88,OLEAGINOSAS
278,89,CEREALES
279,91,SOJA
280,91,MAIZ
281,92,GIRASOL ALTO OLEICO
282,93,MAIZ
283,94,SOJA
284,94,MAIZ
285,95,MAIZ
286,95,DESCANSO
287,96,SORGO
288,96,SOJA
289,97,HORTICULTURA
290,98,HORTALIZAS
291,99,AVENA
292,99,CENTENO
293,99,GANADERIA BOVINA
294,100,TRIGO
295,100,AVENA
296,100,CENTENO
297,100,CEBADA
298,100,GIRASOL
299,100,GANADERIA BOVINA
300,101,SOJA
301,101,MAIZ
302,101,PASTURAS
303,101,TRIGO
304,101,CEBADA
305,101,CAMPO NATURAL
306,102,SOJA
307,102,SORGO
308,102,CAMPO NATURAL
309,102,PASTURAS
310,103,MAIZ
311,103,PASTURAS
312,103,SOJA
313,103,MAIZ PISINGALLO
314,103,CAMPO NATURAL
315,104,DESCANSO
316,104,SOJA
317,104,MAIZ
318,104,PASTURAS
319,105,PASTURAS
320,105,ABONO VERDE
321,105,CAMPO NATURAL
322,105,SOJA
323,105,DESCANSO
324,105,MONTE
325,106,SOJA
326,107,SOJA
327,108,SOJA
328,109,VACAS
329,109,NOVILLOS
330,109,VAQUILLONAS
331,109,TOROS
332,109,TERNEROS
333,109,TERNERAS
334,110,RADICHETA
335,110,RUCULA
336,110,ALBAHACA
337,110,MENTA
338,110,CILANTRO
339,110,SALVIA
340,110,TOMILLO
341,110,ESPARRAGOS
342,110,TOMATE
343,110,INCULTO
344,110,ROMERO
345,110,ALFALFA
346,110,ALCAUCIL
347,110,ESTRAGON
348,110,PEREJIL
349,110,CEBOLLA
350,111,TRIGO
351,112,TRIGO
352,113,HORTALIZAS
353,113,ARROZ
354,114,SOJA
355,115,CEREALES
356,115,OLEAGINOSAS
357,116,CEREALES
358,116,OLEAGINOSAS
359,117,CEREALES
360,117,OLEAGINOSAS
361,118,CEREALES
362,118,OLEAGINOSAS
363,119,CEREALES
364,119,OLEAGINOSAS
365,120,VACAS
366,120,VAQUILLONAS
367,120,TOROS
368,120,TERNEROS
369,120,TERNERAS
370,121,MORA
371,121,INCULTO
372,121,ARANDANO
373,121,FRAMBUESA
374,121,PERA
375,121,MANDARINA
376,121,NARANJA
377,121,LIMON
378,121,NUEZ PECAN
379,121,HIGOS
380,121,DURAZNO
381,121,CIRUELA
382,122,HORTICULTURA: (RAIZ
383,122,HOJAS
384,122,FRUTOS) - FRUTALES: (CAROZO
385,122,PEPITA
386,122,CITRICOS).
387,123,CEREALES
388,123,OLEAGINOSAS
389,123,GANADERIA BOVINA
390,124,MAIZ
391,124,SOJA
392,124,GIRASOL
393,125,UVA
394,125,INCULTO
395,125,PASAS DE UVA
396,126,OLIVOS
397,129,OLIVOS
398,130,CHIA (SALVIA HISPANICA L.)
399,131,VID
400,132,OLIVOS
401,133,GERANIO
402,133,PASTO LIMON
403,133,OREGANO
404,134,CEREALES
405,134,OLEAGINOSAS
406,134,LEGUMINOSAS
407,135,GARBANZO
408,135,GIRASOL
409,135,MAIZ
410,135,TRIGO
411,135,MANI
412,135,POROTO
413,135,CHIA
414,135,AMARANTO
415,135,SESAMO
416,135,ARVEJA
417,136,ACELGA
418,136,ESPINACA
419,136,LERCHUGA GALLEGA
420,136,LECHUGA MANTECOSA
421,136,LECHUGA CRESPA
422,136,PEREJIL
423,136,RABANITO
424,136,ESCAROLA FINA
425,136,ZANAHORIA
426,136,ROMERO
427,136,CEBOLLA DE VERDEO
428,136, RUCULA
429,136,CIRUELAS
430,136,DURAZNOS.
431,137,TRIGO
432,137,MAIZ
433,137,SOJA
434,137,"ALFALFA,CENTENO"
435,137,GANADERIA BOVINA
436,138,MIEL
437,138,SUBPRODUCTOS DE LA COLMENA
438,139,MAIZ
439,139,TRIGO
440,139,SOJA
441,140,TOMILLO
442,140,SALVIA
443,140,OREGANO
444,140,PEREJIL
445,140,PUERRO
446,140,CEBOLLA
447,140,ZANAHORIA
448,140,LECHUGA
449,140,ACELGA
450,140,ZAPALLITO
451,140,REMOLACHA
452,140,CHOCLO
453,140,ZUCCINI
454,140,ESPINACA
455,140,RABANITO
456,140,CHAUCHA
457,140,RUCULA
458,140,CILANTRO
459,140,NABO
460,140,PEPINO
461,140,APIO
462,140,MELON
463,140,ZAPALLO
464,140,ROMERO
465,140,ESPARRAGOS
466,141,CEBADA-ALFALFA-VICIA-RABANITO-NABO-REMOLACHA-RUCULA-LECHUGA-PUERRO-CEBOLLA
467,142,ACEITUNAS
468,142,OLIVO
469,142,MELON
470,142,TOMATE
471,142,ZAPALLO
472,142,CEBOLLA
473,142,ZANAHORIA
474,142,MANZANILLA
475,142,PAPA
476,142,REMOLACHA
477,142,ACELGA
478,142,ESPINACA
479,142,PIMIENTO
480,142,LECHUGA
481,142,PEREJIL
482,143,TERNEROS
483,143,VACAS
484,143,VAQUILLONAS
485,143,TOROS
486,144,CEREALES
487,144,OLEAGINOSAS
488,145,GARBANZO
489,145,GIRASOL
490,145,MAIZ
491,145,TRIGO
492,145,MANI
493,145,POROTO
494,145,CHIA
495,145,AMARANTO
496,145,SESAMO
497,145,ARVEJAS
498,145,OLIVAS
499,145,OTROS.   
500,146,NUCLEOS
501,146,COLMENAS
502,146,ALZA MELARIA
503,147,MANDARINA
504,147,NARANJA
505,148,LIMON
506,149,ARROZ
507,150,ARROZ
508,151,ARROZ
509,151,CAMPO NATURAL
510,152,INCULTO
511,152,DESCANSO
512,152,ARROZ
513,152,MONTE
514,153,LIMON
515,156,ALZA MELARIA
516,156,COLMENAS
517,156,NUCLEOS
518,157,ARROZ
519,157,INCULTO
520,158,POMELO
521,162,ARROZ
522,166,VACAS
523,166,TOROS
524,167,OVEJAS
525,167,LANA SUCIA
526,167,CAPONES
527,167,BORREGAS
528,167,BORREGOS
529,167,CARNEROS
530,170,LANA SUCIA
531,170,CARNEROS
532,170,BORREGAS
533,170,OVEJAS
534,170,CAPONES
535,170,BORREGOS
536,171,TERNEROS
537,171,NOVILLOS
538,171,TOROS
539,171,VACAS
540,171,VAQUILLONAS
541,172,GANADERIA BOVINA
542,172,GANADERIA OVINA (CARNE
543,172,LANA)
544,173,ROSA MOSQUETA
545,174,CASSIS
546,174,FRAMBUESA
547,174,MORA
548,174,GROSELLA
549,175,CASSIS
550,175,FRAMBUESA
551,175,MORA
552,176,VACAS
553,176,VAQUILLONAS
554,176,TOROS
555,176,TERNEROS
556,177,OVEJAS
557,177,LANA SUCIA
558,177,BORREGOS
559,177,BORREGAS
560,177,CARNEROS
561,177,CAPONES
562,178,LANA SUCIA
563,178,OVEJAS
564,178,BORREGOS
565,178,CAPONES
566,178,CARNEROS
567,179,OVEJAS
568,179,LANA SUCIA
569,179,BORREGOS
570,179,BORREGAS
571,179,CAPONES
572,181,TOROS
573,181,VACAS
574,181,TERNEROS
575,181,TERNERAS
576,182,LANA SUCIA
577,182,OVEJAS
578,182,BORREGAS
579,182,CAPONES
580,182,BORREGOS
581,182,CARNEROS
582,183,LANA SUCIA
583,183,OVEJAS
584,183,CAPONES
585,183,BORREGOS
586,183,BORREGAS
587,183,CARNEROS
588,184,GUANACOS
589,185,PARAMELA
590,186,VAQUILLONAS
591,186,VACAS
592,186,TOROS
593,186,TERNEROS
594,188,OVEJAS
595,188,BORREGAS
596,188,CORDEROS
597,188,CAPONES
598,188,CARNEROS
599,190,LANA SUCIA
600,190,CARNEROS
601,190,BORREGAS
602,190,CAPONES
603,190,BORREGOS
604,190,OVEJAS
605,191,CASSIS
606,191,FRAMBUESA
607,191,MORA
608,191,GROSELLA
609,191,SAUCO
610,192,FRAMBUESA
611,192,BOYSENBERRY
612,192,CASSIS
613,192,MORA
614,192,GUINDA
615,192,SAUCO
616,192,AVELLANO
617,192,CORINTO
618,193,CARNEROS
619,193,OVEJAS
620,193,CAPONES
621,193,CORDEROS
622,194,VACAS
623,195,MONTE
624,195,FRUTILLA
625,195,FRAMBUESA
626,195,GROSELLA
627,195,CORINTO
628,195,SAUCO
629,195,CEREZA
630,195,CAMPO NATURAL
631,195,GUINDAS
632,195,CASSIS
633,195,ZARZAMORA
634,195,ARANDANO
635,196,CAPONES
636,197,CARNEROS
637,197,LANA SUCIA
638,197,CAPONES
639,197,OVEJAS
640,197,BORREGAS
641,197,BORREGOS
642,197,CORDEROS
643,198,LANA SUCIA
644,198,OVEJAS
645,198,CAPONES
646,198,CARNEROS
647,198,BORREGOS
648,199,ROSA MOSQUETA
649,199,MORILLAS
650,199,HIPERICOM
651,200,FRAMBUESA
652,200,FRUTILLA
653,200,ROSA MOSQUETA
654,201,OVEJAS
655,201,LANA SUCIA
656,201,CAPONES
657,201,CARNEROS
658,201,BORREGAS
659,201,BORREGOS
660,203,VACAS
661,203,VAQUILLONAS
662,203,NOVILLOS
663,203,TERNEROS
664,203,TERNERAS
665,203,TOROS
666,204,OVEJAS
667,204,LANA SUCIA
668,204,BORREGAS
669,204,CAPONES
670,204,CARNEROS
671,205,OVEJAS
672,205,BORREGAS
673,205,BORREGOS
674,205,CAPONES
675,205,CARNEROS
676,206,LANA SUCIA
677,206,OVEJAS
678,206,CAPONES
679,206,CARNEROS
680,206,BORREGOS
681,206,BORREGAS
682,207,GIRASOL AO
683,207,SORGO BLANCO
684,207,MIJO
685,207,MAIZ PISINGALLO
686,207,LINO DORADO
687,208,MIEL + EXTRACCION DE MIEL
688,208,ESTAMPADO DE CERA
689,209,INCULTO
690,209,CAMPO NATURAL
691,209,MONTE
692,209,STEVIA
693,210,NARANJA
694,210,LIMON
695,210,MANDARINA
696,210,POMELO
697,211,MAIZ
698,211,LINO
699,212,LIMON
700,212,NARANJA
701,213,LINO?CEBADA?CENTENO?TRITICALE?SOJA-MAIZ?MOSTAZA
702,214,CAMPO NATURAL
703,214,MAIZ PISINGALLO
704,214,GIRASOL CONFITERO
705,215,ARROZ
706,216,NUEZ PECAN
707,216,STEVIA
708,216,FRUTALES
709,217,ARROZ
710,219,LINO DORADO
711,220,LINO DORADO
712,221,LINO MARRON
713,222,LINO MARRON
714,223,LINO MARRON
715,223,LINO DORADO
716,224,LIMON
717,224,NARANJA
718,226,TRIGO
719,226,SOJA
720,227,SOJA
721,227,MAIZ
722,228,ARROZ
723,229,SORGO
724,230,SORGO
725,231,CAMPO NATURAL
726,232,CAMPO NATURAL
727,233,CAMPO NATURAL
728,234,CAMPO NATURAL
729,235,CAMPO NATURAL
730,236,LINO
731,236,ARROZ
732,237,VACAS
733,237,VAQUILLONAS
734,237,TERNERAS
735,237,TOROS
736,237,TERNEROS
737,237,NOVILLOS
738,238,NARANJA
739,238,MANDARINA
740,238,LIMON
741,238,DURAZNO
742,238,CIRUELA
743,238,MAIZ
744,238,TOMATE
745,238,POMELO
746,239,AGRICULTURA
747,242,BANANO
748,242,MANGO
749,242,FRUTAS TROPICALES
750,243,POMELO
751,243,INCULTO
752,244,CAï¿½A DE AZUCAR
753,244,DESCANSO
754,245,CAï¿½A DE AZUCAR
755,247,CHIA (SALVIA HISPANICA L)
756,247,CAMPO NATURAL
757,248,CAï¿½A DE AZUCAR
758,248,MAIZ PISINGALLO
759,248,MAIZ
760,248,POROTO COLORADO
761,248,POROTO NEGRO
762,249,ALZA MELARIA
763,251,CHIA (SALVIA HISPANICA L)
764,251,MONTE
765,252,CAï¿½A DE AZUCAR
766,253,CAï¿½A DE AZUCAR
767,254,TRIGO
768,255,CAï¿½A DE AZUCAR
769,255,MONTE
770,256,CAï¿½A DE AZUCAR
771,256,INCULTO
772,257,CAï¿½A DE AZUCAR
773,258,CAï¿½A DE AZUCAR
774,258,INCULTO
775,261,SESAMO
776,261,POROTO NEGRO
777,261,MONTE
778,261,POROTO COLORADO
779,261,CHIA (SALVIA HISPANICA L)
780,262,GIRASOL
781,262,POROTO MUNG
782,263,COLMENAS
783,263,NUCLEOS
784,263,ALZA MELARIA
785,264,ALZA MELARIA
786,264,COLMENAS
787,264,NUCLEOS
788,265,VID
789,265,OLIVOS
790,266,VID
791,266,OLIVOS
792,267,VID
793,267,OLIVOS
794,268,JOJOBA
795,269,JOJOBA
796,270,MONTE
797,270,OLIVO
798,270,GRANADO
799,270,ALGARROBO
800,270,LAUREL
801,271,VID
802,272,VID
803,272,OLIVOS
804,273,VID
805,273,OLIVOS
806,274,VID
807,274,NOGALES
808,275,VID
809,275,OLIVOS
810,276,OLIVOS
811,277,VID
812,277,OLIVOS
813,278,OLIVOS
814,279,VID
815,279,OLIVOS
816,280,JOJOBA
817,281,VID
818,282,VD
819,282,OLIVOS
820,283,VID
821,284,VID
822,284,OLIVOS
823,286,VID
824,287,VID
825,287,OLIVOS
826,288,NOGALES
827,288,CASTAï¿½A
828,289,OLIVOS
829,289,VID
830,289,MELON
831,289,SANDIA
832,289,TOMATE
833,289,MAIZ
834,289,ZAPALLO
835,289,BATATA
836,290,VID
837,290,OLIVOS
838,291,OLIVOS
839,292,OLIVOS
840,293,VID
841,293,OLIVOS
842,294,VID
843,295,JOJOBA
844,296,VID
845,297,VID
846,298,DESCANSO
847,299,UVAS
848,300,VID
849,301,VID
850,302,VID
851,302,INCULTO
852,302,ALFALFA
853,303,UVAS
854,304,UVAS
855,306,INCULTO
856,306,NUEZ PECAN
857,306,HIGOS
858,306,VID
859,306,OLIVO
860,306,CIRUELA
861,306,CEREZA
862,306,PERA
863,306,MANZANA
864,306,DURAZNO
865,306,DAMASCO
866,307,VID
867,308,VID
868,308,DAMASCO
869,308,CIRUELA
870,308,INCULTO
871,308,OLIVO
872,308,DURAZNO
873,308,CAMPO NATURAL
874,309,DESCANSO
875,309,AJO
876,309,INCULTO
877,310,VID
878,311,UVAS
879,312,VID
880,313,VID
881,314,VID
882,315,UVAS
883,316,UVAS
884,317,UVAS
885,318,UVAS
886,319,UVAS
887,320,VID
888,321,VID
889,321,INCULTO
890,322,INCULTO
891,322,ABONO VERDE
892,322,CAMPO NATURAL
893,323,VID
894,324,CAï¿½A DE CASTILLA
895,325,CAï¿½A DE CASTILLA
896,326,CAï¿½A DE CASTILLA
897,328,VID
898,328,OLIVOS
899,329,VID
900,329,OLIVOS
901,330,AJO
902,330,ZAPALLO
903,331,UVAS
904,331,ACEITUNAS
905,332,INCULTO
906,332,ZAPALLO
907,332,ABONO VERDE
908,332,AJO
909,332,DESCANSO
910,332,CEBOLLA
911,332,PAPA
912,333,INCULTO
913,333,CIRUELA
914,333,ZAPALLO
915,333,OLIVO
916,333,TOMATE
917,334,VID
918,335,VID
919,336,HORTALIZAS
920,337,VID
921,338,UVAS
922,339,UVAS
923,340,UVAS
924,341,VID
925,342,DAMASCO
926,342,UVA DE MESA
927,342,INCULTO
928,343,VID
929,343,INCULTO
930,344,CENTENO
931,344,PASTIZAL NATURAL
932,345,VID
933,346,VID
934,347,VID
935,348,ACEITUNAS
936,349,UVAS
937,350,UVAS
938,351,CIRUELA
939,351,ACEITUNAS
940,351,FORESTALES
941,351,CAMPO NATURAL
942,352,VID
943,353,VID
944,354,VID
945,354,DAMASCO
946,355,VID
947,355,CAMPO NATURAL
948,356,ZAPALLO
949,356,DESCANSO
950,356,ZANAHORIA
951,357,UVAS
952,358,NOGAL
953,358,MONTE
954,358,INCULTO
955,359,VID
956,360,VID
957,361,CIRUELAS
958,361,ACEITUNAS
959,361,UVAS
960,362,VID
961,362,NUEZ
962,363,ACEITUNAS
963,363,UVAS
964,364,ACEITUNAS
965,364,CIRUELAS
966,364,DAMASCOS
967,364,NUECES
968,365,VID
969,366,VID
970,367,CIRUELA
971,367,INCULTO
972,367,DURAZNO
973,367,VID
974,367,OLIVO
975,367,CAMPO NATURAL
976,368,VID
977,368,INCULTO
978,368,CAMPO NATURAL
979,369,UVAS
980,370,UVAS PARA VINIFICAR
981,371,UVAS PARA VINIFICAR
982,372,UVAS PARA VINIFICAR
983,373,UVAS
984,374,VID
985,376,VID
986,376,OLIVOS
987,377,VID
988,377,NOGAL
989,377,INCULTO
990,378,VID
991,379,OLIVOS
992,379,DAMASCO
993,379,CIRUELA
994,380,VID
995,380,OLIVOS
996,381,INCULTO
997,381,OLIVO
998,381,VID
999,382,VID
1000,382,OLIVOS
1001,383,UVAS
1002,384,UVAS
1003,385,UVAS
1004,386,UVAS
1005,387,ABONO VERDE
1006,387,AJO
1007,388,UVAS
1008,388,AROMATICAS
1009,389,ESPARRAGO
1010,390,VID
1011,390,NOGAL
1012,390,INCULTO
1013,390,OLIVO
1014,390,ALFALFA
1015,391,VID
1016,392,CIRUELA
1017,392,INCULTO
1018,392,CIRUELA DESECADA
1019,393,AJO
1020,393,CEBOLLA
1021,393,CAMPO NATURAL
1022,393,INCULTO
1023,394,UVAS PARA VINIFICAR
1024,394,UVAS FRESCAS (MESA)
1025,395,VID
1026,395,ACEITUNAS
1027,395,INCULTO
1028,396,CIRUELAS
1029,396,UVAS
1030,396,ACEITUNAS
1031,397,VID
1032,397,INCULTO
1033,397,MEMBRILLO
1034,398,CEREZA
1035,399,ZAPALLO
1036,399,CHOCLO
1037,400,UVAS PARA VINIFICAR
1038,401,VID
1039,401,INCULTO
1040,402,UVAS
1041,403,UVAS
1042,404,UVAS
1043,405,VID
1044,406,VID
1045,407,VID
1046,408,OLIVO
1047,409,CIRUELA
1048,409,VID
1049,409,INCULTO
1050,409,CAMPO NATURAL
1051,410,VID
1052,411,VID
1053,412,VID
1054,412,OLIVOS
1055,413,VID
1056,414,VINO
1057,414,UVAS
1058,414,ACEITUNAS
1059,415,CAï¿½A DE AZUCAR
1060,416,CAï¿½A DE AZUCAR
1061,417,CAï¿½A DE AZUCAR
1062,418,CAï¿½A DE AZUCAR
1063,419,CAï¿½A DE AZUCAR
1064,420,CAï¿½A DE AZUCAR
1065,421,CAï¿½A DE AZUCAR
1066,422,CAï¿½A DE AZUCAR
1067,423,CAï¿½A DE AZUCAR
1068,424,CAï¿½A DE AZUCAR
1069,425,CAï¿½A DE AZUCAR
1070,426,LIMON
1071,426,MANDARINA
1072,426,NARANJA
1073,426,PONELO
1074,426,ANANA
1075,427,CAï¿½A DE AZUCAR
1076,428,YERBA MATE
1077,429,YERBA MATE
1078,430,CAï¿½A DE AZUCAR
1079,431,CAï¿½A DE AZUCAR
1080,432,CAï¿½A DE AZUCAR
1081,433,CAï¿½A DE AZUCAR
1082,434,CAï¿½A DE AZUCAR
1083,435,CAï¿½A DE AZUCAR
1084,436,CAï¿½A DE AZUCAR
1085,437,CAï¿½A DE AZUCAR
1086,438,CAï¿½A DE AZUCAR
1087,439,CAï¿½A DE AZUCAR
1088,440,CAï¿½A DE AZUCAR
1089,441,YERBA MATE
1090,442,CAï¿½A DE AZUCAR
1091,443,CAï¿½A DE AZUCAR
1092,444,YERBA MATE
1093,444,TE
1094,445,CAï¿½A DE AZUCAR
1095,446,CAï¿½A DE AZUCAR
1096,447,CAï¿½A DE AZUCAR
1097,448,CAï¿½A DE AZUCAR
1098,449,CAï¿½A DE AZUCAR
1099,450,CAï¿½A DE AZUCAR
1100,451,CAï¿½A DE AZUCAR
1101,452,CAï¿½A DE AZUCAR
1102,453,CAï¿½A DE AZUCAR
1103,454,CAï¿½A DE AZUCAR
1104,455,CAï¿½A DE AZUCAR
1105,456,CAï¿½A DE AZUCAR
1106,457,CAï¿½A DE AZUCAR
1107,458,CAï¿½A DE AZUCAR
1108,459,CAï¿½A DE AZUCAR
1109,460,CAï¿½A DE AZUCAR
1110,461,CAï¿½A DE AZUCAR
1111,462,CAï¿½A DE AZUCAR
1112,463,CAï¿½A DE AZUCAR
1113,464,CAï¿½A DE AZUCAR
1114,465,CAï¿½A DE AZUCAR
1115,466,CAï¿½A DE AZUCAR
1116,467,CAï¿½A DE AZUCAR
1117,468,CAï¿½A DE AZUCAR
1118,469,CAï¿½A DE AZUCAR
1119,470,YERBA MATE
1120,471,CAï¿½A DE AZUCAR
1121,472,CAï¿½A DE AZUCAR
1122,473,CAï¿½A DE AZUCAR
1123,474,CAï¿½A DE AZUCAR
1124,475,CAï¿½A DE AZUCAR
1125,476,CAï¿½A DE AZUCAR
1126,477,CAï¿½A DE AZUCAR
1127,478,CAï¿½A DE AZUCAR
1128,479,CAï¿½A DE AZUCAR
1129,480,CAï¿½A DE AZUCAR
1130,481,CAï¿½A DE AZUCAR
1131,482,CAï¿½A DE AZUCAR
1132,483,YERBA MATE
1133,484,CAï¿½A DE AZUCAR
1134,485,CAï¿½A DE AZUCAR
1135,486,CAï¿½A DE AZUCAR
1136,487,CAï¿½A DE AZUCAR
1137,488,CAï¿½A DE AZUCAR
1138,489,CAï¿½A DE AZUCAR
1139,490,CAï¿½A DE AZUCAR
1140,491,CAï¿½A DE AZUCAR
1141,492,CAï¿½A DE AZUCAR
1142,493,CAï¿½A DE AZUCAR
1143,494,CAï¿½A DE AZUCAR
1144,495,CAï¿½A DE AZUCAR
1145,496,CAï¿½A DE AZUCAR
1146,497,CAï¿½A DE AZUCAR
1147,498,YERBA MATE
1148,499,CAï¿½A DE AZUCAR
1149,500,CAï¿½A DE AZUCAR
1150,501,CAï¿½A DE AZUCAR
1151,502,CAï¿½A DE AZUCAR
1152,503,CAï¿½A DE AZUCAR
1153,504,YERBA MATE
1154,505,TE
1155,505,YERBA MATE
1156,506,CAï¿½A DE AZUCAR
1157,507,CAï¿½A DE AZUCAR
1158,508,SIN PROD.
1159,509,TE
1160,510,CAï¿½A DE AZUCAR
1161,511,YERBA MATE
1162,512,CAï¿½A DE AZUCAR
1163,513,CAï¿½A DE AZUCAR
1164,514,CAï¿½A DE AZUCAR
1165,515,CAï¿½A DE AZUCAR
1166,516,YERBA
1167,516,CAï¿½A DE AZUCAR
1168,516,MANDIOCA
1169,516,AROMATICAS
1170,516,MEDICINALES
1171,517,CAï¿½A DE AZUCAR
1172,518,CAï¿½A DE AZUCAR
1173,519,CAï¿½A DE AZUCAR
1174,520,YERBA
1175,520,TE
1176,520,POMELO
1177,520,QUINOTO
1178,520,MANDARINA
1179,520,NARANJA.
1180,521,CAï¿½A DE AZUCAR
1181,522,CAï¿½A DE AZUCAR
1182,523,TE
1183,523,YERBA MATE
1184,524,CAï¿½A DE AZUCAR
1185,525,CAï¿½A DE AZUCAR
1186,526,CAï¿½A DE AZUCAR
1187,527,CAï¿½A DE AZUCAR
1188,528,CAï¿½A DE AZUCAR
1189,529,CAï¿½A DE AZUCAR
1190,530,CAï¿½A DE AZUCAR
1191,531,CAï¿½A DE AZUCAR
1192,532,CAï¿½A DE AZUCAR
1193,533,CAï¿½A DE AZUCAR
1194,534,CAï¿½A DE AZUCAR
1195,535,CAï¿½A DE AZUCAR
1196,536,CAï¿½A DE AZUCAR
1197,537,CAï¿½A DE AZUCAR
1198,538,CAï¿½A DE AZUCAR
1199,539,CAï¿½A DE AZUCAR
1200,540,MONTE
1201,540,YERBA MATE
1202,540,CAPUERA
1203,540,TE
1204,541,YERBA MATE
1205,542,CAï¿½A DE AZUCAR
1206,543,CAï¿½A DE AZUCAR
1207,544,CAï¿½A DE AZUCAR
1208,545,CAï¿½A DE AZUCAR
1209,546,CAï¿½A DE AZUCAR
1210,547,CAï¿½A DE AZUCAR
1211,548,CAï¿½A DE AZUCAR
1212,549,CAï¿½A DE AZUCAR
1213,550,CAï¿½A DE AZUCAR
1214,551,CAï¿½A DE AZUCAR
1215,552,YERBA MATE
1216,553,CAï¿½A DE AZUCAR
1217,554,CAï¿½A DE AZUCAR
1218,555,CAï¿½A DE AZUCAR
1219,556,CAï¿½A DE AZUCAR
1220,557,CAï¿½A DE AZUCAR
1221,558,CAï¿½A DE AZUCAR
1222,559,CAï¿½A DE AZUCAR
1223,560,CAï¿½A DE AZUCAR
1224,562,CAï¿½A DE AZUCAR
1225,563,CAï¿½A DE AZUCAR
1226,564,CAï¿½A DE AZUCAR
1227,565,CAï¿½A DE AZUCAR
1228,566,YERBA MATE
1229,567,CAï¿½A DE AZUCAR
1230,568,CAï¿½A DE AZUCAR
1231,569,CAï¿½A DE AZUCAR
1232,570,CAï¿½A DE AZUCAR
1233,571,CAï¿½A DE AZUCAR
1234,572,CAï¿½A DE AZUCAR
1235,573,CAï¿½A DE AZUCAR
1236,574,CAï¿½A DE AZUCAR
1237,575,POROTO SABLE
1238,575,STEVIA
1239,575,YERBA MATE
1240,576,CAï¿½A DE AZUCAR
1241,577,CAï¿½A DE AZUCAR
1242,578,CAï¿½A DE AZUCAR
1243,579,CAï¿½A DE AZUCAR
1244,580,CAï¿½A DE AZUCAR
1245,581,CAï¿½A DE AZUCAR
1246,582,CAï¿½A DE AZUCAR
1247,583,CAï¿½A DE AZUCAR
1248,585,CAï¿½A DE AZUCAR
1249,586,CAï¿½A DE AZUCAR
1250,587,CAï¿½A DE AZUCAR
1251,588,CAï¿½A DE AZUCAR
1252,589,CAï¿½A DE AZUCAR
1253,590,CAï¿½A DE AZUCAR
1254,591,CAï¿½A DE AZUCAR
1255,592,YERBA MATE
1256,592,STEVIA
1257,592,ANANA
1258,592,MANDARINA
1259,593,CAï¿½A DE AZUCAR
1260,594,CAï¿½A DE AZUCAR
1261,595,CAï¿½A DE AZUCAR
1262,596,VAQUILLONAS
1263,596,TERNEROS
1264,596,TOROS
1265,596,VACAS
1266,597,CAï¿½A DE AZUCAR
1267,598,MANZANA
1268,598,PERA
1269,599,CIRUELA
1270,599,DURAZNO
1271,600,MANZANA
1272,600,PERA
1273,601,MANZANA
1274,601,PERA
1275,602,MANZANA
1276,602,VIVERO
1277,603,PERA
1278,603,MANZANA
1279,603,CIRUELA
1280,604,MANZANA
1281,604,PERA
1282,604,CIRUELA
1283,605,MANZANA
1284,605,PERA
1285,605,CIRUELA
1286,606,MANZANAS
1287,606,PERAS
1288,607,MANZANA
1289,607,PERA
1290,608,MANZANA
1291,610,MANZANA
1292,610,PERA
1293,611,MANZANA
1294,611,PERA
1295,612,MANZANA
1296,612,PERA
1297,613,MANZANA
1298,614,MANZANA
1299,614,PERA
1300,615,MANZANA
1301,615,PERA
1302,616,PERA
1303,617,MANZANA
1304,617,PERA
1305,618,MANZANA
1306,618,PERA
1307,619,PERA
1308,620,MANZANA
1309,620,PERA
1310,621,MANZANA
1311,621,PERA
1312,622,MANZANA
1313,622,PERA
1314,622,CEREZA
1315,622,VIVERO
1316,623,MANZANA
1317,623,PERA
1318,624,MANZANA
1319,624,PERA
1320,625,PERA
1321,626,MANZANA
1322,626,PERA
1323,627,MANZANA
1324,627,PERA
1325,628,MANZANA
1326,628,PERA
1327,628,CEREZA
1328,628,DURAZNO
1329,628,DAMASCO
1330,629,MANZANA
1331,629,PERA
1332,629,CIRUELA
1333,630,MANZANA
1334,631,PERA
1335,632,MANZANA
1336,632,PERA
1337,633,PERA
1338,634,MANZANA
1339,634,PERA
1340,635,MANZANA
1341,635,PERA
1342,636,MANZANA
1343,636,PERA
1344,637,PERA
1345,637,MANZANA
1346,637,CIRUELA
1347,638,MANZANA
1348,638,PERA
1349,639,PERA
1350,639,CIRUELA
1351,640,CEREZA
1352,641,PERA
1353,641,MANZANA
1354,642,PERA
1355,642,MANZANA
1356,643,PERA
1357,643,MANZANA
1358,644,CERELAES
1359,644,OELAGINOSAS
1360,644,MEGAFARDOS DE ALFALFA.
1361,645,PERA
1362,645,MANZANA
1363,646,PERA
1364,646,MANZANA
1365,646,PELON
1366,646,DURAZNO
1367,647,PERA
1368,647,MANZANA
1369,648,MANZANA
1370,649,MANZANA
1371,649,PERA
1372,650,MANZANAS
1373,651,MANZANAS
1374,651,PERAS
1375,652,VID
1376,653,VID
1377,654,VID
1378,655,VID
1379,656,VID
1380,657,MANZANA
1381,657,PERA
1382,658,VACAS
1383,658,VAQUILLONAS
1384,658,TOROS
1385,659,PERA
1386,660,MANZANA
1387,660,PERA
1388,661,GANADERIA BOVINA
1389,661,GANADERIA OVINA (CARNE
1390,661,LANA)
1391,662,MANZANAS
1392,662,PERAS
1393,663,MANZANAS
1394,663,PERAS
1395,664,MANZANAS
1396,664,PERAS
1397,665,MANZANAS
1398,665,PERAS
1399,666,MANZANAS
1400,666,PERAS
1401,667,MANZANAS
1402,667,PERAS
1403,668,MANZANAS
1404,668,PERAS
1405,669,MANZANA
1406,669,PERA
1407,670,MANZANA
1408,670,PERA
1409,670,CIRUELA
1410,670,PELON
1411,671,PERA
1412,671,MANZANA
1413,672,PERA
1414,672,MANZANA
1415,672,VID
1416,673,MANZANAS
1417,673,PERAS
1418,674,PERA
1419,675,PERA
1420,676,MANZANA
1421,676,PERA
1422,677,PERAS
1423,677,MANZANAS
1424,680,PERAS
1425,680,MANZANAS
1426,681,PERAS
1427,681,MANZANAS
1428,682,PERAS
1429,682,MANZANAS
1430,683,PERAS
1431,683,MANZANAS
1432,684,PERA
1433,684,MANZANA
1434,684,DURAZNO
1435,685,PERA
1436,686,MANZANA
1437,686,PERA
1438,687,MANZANA
1439,687,PERA
1440,688,MANZANAS
1441,688,PERAS
1442,689,PERA
1443,689,MANZANA
1444,689,INCULTO
1445,690,PERA
1446,690,MANZANA
1447,691,PERA
1448,691,MANZANA
1449,692,MANZANA
1450,692,PERA
1451,693,FRAMBUESA
1452,693,DESCANSO
1453,693,ARANDANO
1454,693,ZARZAMORA
1455,693,MONTE
1456,693,INCULTO
1457,693,CEREZA
1458,693,CORINTO
1459,693,CASSIS
1460,693,GROSELLA
1461,693,MEMBRILLO
1462,694,MANZANA
1463,694,PERA
1464,695,MANZANA
1465,695,PERA
1466,696,MANZANA
1467,696,PERA
1468,697,PERAS
1469,697,MANZANAS.
1470,698,MANZANA
1471,699,PERA
1472,700,MANZANA
1473,700,PERA
1474,701,BORREGAS
1475,701,OVEJAS
1476,701,BORREGOS
1477,701,CARNEROS
1478,701,CAPONES
1479,702,MANZANA
1480,702,PERA
1481,702,NOGAL
1482,703,MANZANAS
1483,703,PERAS
1484,704,MANZANA
1485,704,PERA
1486,704,CIRUELA
1487,705,MANZANA
1488,705,PERA
1489,706,MANZANA
1490,706,PERA
1491,707,MANZANA
1492,707,PERA
1493,708,MANZANA
1494,708,PERA
1495,709,PERAS
1496,710,MANZANAS
1497,710,PERAS
1498,711,MANZANA
1499,711,PERA
1500,712,PERA
1501,713,MANZANA
1502,713,PERA
1503,715,MANZANA
1504,715,PERA
1505,716,MANZANA
1506,716,PERA
1507,717,MANZANA
1508,717,PERA
1509,718,MANZANA
1510,718,PERA
1511,719,MANZANA
1512,719,PERA
1513,720,MANZANAS
1514,721,MANZANAS
1515,721,PERAS
1516,722,MANZANA
1517,722,PERA
1518,723,MANZANA
1519,723,PERA
1520,724,MANZANA
1521,724,PERA
1522,725,MANZANAS
1523,725,PERAS
1524,726,PERAS
1525,726,MANZANAS
1526,727,MANZANA
1527,727,PERA
1528,728,MANZANA
1529,728,PERA
1530,729,MANZANA
1531,729,PERA
1532,730,MANZANA
1533,730,PERA
1534,733,MANZANA
1535,733,PERA
1536,734,MANZANAS
1537,734,PERAS
1538,735,MANZANAS
1539,735,PERAS
1540,736,PERA
1541,736,MANZANA
1542,736,CEREZA
1543,737,MANZANA
1544,737,PERA
1545,738,MANZANA
1546,738,PERA
1547,739,MANZANA
1548,739,PERA
1549,740,MANZANA
1550,740,PERA
1551,741,MANZANAS
1552,741,PERAS
1553,742,MANZANAS
1554,742,PERAS
1555,743,MANZANA
1556,743,PERA
1557,744,UVAS
1558,745,MANZANZA
1559,745,PERA
1560,745,DURAZNO
1561,745,CIRUELA
1562,746,MANZANA
1563,746,PERA
1564,747,MANZANA
1565,747,PERA
1566,748,MANZANA
1567,748,PERA
1568,749,MANZANA
1569,749,PERA
1570,750,CHIA (SALVIA HISPANICA L)
1571,750,SOJA
1572,750,POROTO
1573,751,CEREALES
1574,751,OLEAGINOSAS
1575,751,LEGUMINOSAS
1576,752,AROMATICAS
1577,752,PASTOS NATURALES E IMPLANTADOS
1578,753,SESAMO
1579,753,CHIA (SALVIA HISPANICA L)
1580,754,VID
1581,755,CHIA (SALVIA HISPANICA L)
1582,755,MAIZ PISINGALLO
1583,755,CAMPO NATURAL
1584,757,CHIA (SALVIA HISPANICA L.)
1585,758,DESCANSO
1586,760,SESAMO
1587,760,CHIA
1588,762,BOVINOS
1589,762,NUECES
1590,765,CAMPO INCULTO
1591,766,INCULTO
1592,767,CHIA (SALVIA HISPANICA L.)
1593,768,CHIA (SALVIA HISPANICA L)
1594,769,CHIA (SALVIA HISPANICA L)
1595,769,POROTO
1596,769,CAPUERA
1597,770,ALFALFA
1598,771,VID
1599,774,VID
1600,775,CHIA
1601,776,CHIA
1602,777,UVAS
1603,777,QUINOA
1604,779,ESPARRAGO
1605,779,ZAPALLO ANCO
1606,779,ALAMO
1607,780,VID
1608,781,VID
1609,782,UVA DE MESA
1610,782,INCULTO
1611,782,PASAS DE UVA
1612,783,UVA
1613,783,INCULTO
1614,783,PASAS DE UVA
1615,783,CAMPO NATURAL
1616,784,VID
1617,785,MOSTAZA
1618,785,MEMBRILLO
1619,785,ZAPALLO
1620,785,MENTA
1621,785,SALVIA
1622,785,MELISA
1623,785,AJENJO
1624,785,CIBOULETTE
1625,785,CEDRON
1626,785,ROMERO
1627,785,AZAFRAN
1628,785,AJI
1629,785,OREGANO
1630,785,LAVANDA
1631,785,NOGAL
1632,785,MATICO
1633,785,ESTRAGON
1634,785,TOMATE
1635,785,ALFALFA
1636,785,MONTE
1637,785,INCULTO
1638,786,VID
1639,786,OLIVOS
1640,787,OLIVOS
1641,788,VID
1642,789,VID
1643,789,MELON
1644,790,AJO
1645,791,UVA
1646,791,VID
1647,791,ACEITUNAS
1648,791,MANZANA
1649,791,PERA
1650,791,ALMENDRAS
1651,791,NUEZ
1652,791,CIRUELA
1653,791,DURAZNO
1654,791,DAMASCO
1655,791,HIGOS
1656,791,POMELO
1657,791,LIMON
1658,791,MANDARINA
1659,791,NARANJA
1660,791,LIMA
1661,791,ACELGA
1662,791,INCULTO
1663,791,MEMBRILLO
1664,791,CEREZA
1665,791,AVELLANAS
1666,791,BROCOLI
1667,791,ESPINACA
1668,791,LECHUGA
1669,791,REMOLACHA
1670,791,MONTE
1671,792,VID
1672,793,ZAPALLO
1673,793,ESPARRAGOS
1674,794,ESPARRAGOS
1675,795,ESPARRAGOS
1676,795,BROCOLI
1677,795,REPOLLO
1678,796,ESPARRAGOS
1679,796,BROCOLI
1680,796,REPOLLO
1681,797,ESPARRAGOS
1682,797,ALCAUCIL
1683,798,ESPARRAGOS
1684,798,INCULTO
1685,799,VID
1686,799,DURAZNO
1687,799,TOMATE PERITA
1688,800,VID
1689,801,VID
1690,802,VID
1691,802,PASAS DE UVA
1692,802,PISTACHO
1693,802,OLIVO
1694,802,CAMPO NATURAL
1695,803,VID
1696,804,PASTURA NATURAL
1697,805,VACAS
1698,805,TERNERAS
1699,805,TERNEROS
1700,805,TOROS
1701,805,VAQUILLONAS
1702,806,OREGANO
1703,806,TOMILLO
1704,806,ROMERO
1705,806,LAVANDA
1706,806,MENTA
1707,806,MAIZ
1708,806,ZAPALLO ANCO
1709,808,ZAPALLO
1710,808,FRAMBUESA
1711,808,MONTE
1712,808,AJO
1713,808,CEBOLLA
1714,808,INCULTO
1715,809,SIN PROD.
1716,810,LANA SUCIA
1717,810,OVEJAS
1718,810,BORREGOS
1719,810,BORREGAS
1720,810,CAPONES
1721,810,CARNEROS
1722,811,GANADERIA BOVINA
1723,811,GANADERIA OVINA (CARNE
1724,811,LANA)
1725,812,LANA SUCIA
1726,812,OVEJAS
1727,812,CORDEROS
1728,812,BORREGAS
1729,812,CARNEROS
1730,813,OVEJAS
1731,813,CAPONES
1732,813,BORREGOS
1733,813,CARNEROS
1734,815,TRUCHA ARCO IRIS
1735,816,VAQUILLONAS
1736,816,VACAS
1737,816,TERNEROS
1738,817,OVEJAS
1739,817,BORREGAS
1740,817,BORREGOS
1741,817,CAPONES
1742,817,CARNEROS
1743,818,LANA SUCIA
1744,818,OVEJAS
1745,818,CARNEROS
1746,818,BORREGOS
1747,818,BORREGAS
1748,818,CAPONES
1749,821,TRIGO
1750,821,SORGO
1751,822,HIGOS
1752,822,GRANADAS
1753,822,PALTAS
1754,823,MIEL
1755,824,TRIGO
1756,824,SOJA
1757,826,PASTOS NATURALES
1758,827,FRUTICULTURA
1759,827,HORTICULTURA
1760,827,AROMATICAS
1761,827,MEDICINALES; DULCES
1762,828,MIEL
1763,828,SUBPRODUCTOS DE LA COLMENA
1764,829,MIEL
1765,830,MIEL + EXTRACCION
1766,830,FRACCIONAMIENTO DE MIEL
1767,831,MIEL
1768,833,HORTALIZAS DE HOJA
1769,833,RAIZ
1770,833,FRUTO
1771,833,CONGELADO DE FRUTILLAS
1772,834,CEREALES
1773,834,OLEAGINOSAS
1774,834,LEGUMINOSAS
1775,835,MIEL
1776,835,SUBPRODUCTOS DE LA COLMENA
1777,836,MIEL
1778,836,SUBPRODUCTOS DE LA COLMENA
1779,837,MIEL
1780,837,SUBPRODUCTOS DE LA COLMENA
1781,838,HORTALIZAS DE HOJAS
1782,838,FRUTOS
1783,838,AROMATICAS
1784,839,MIEL
1785,839,SUBPRODUCTOS DE LA COLMENA
1786,840,CHIA
1787,841,MIEL
1788,841,SUBPRODUCTOS DE LA COLMENA
1789,842,ARANDANO
1790,843,INCULTO
1791,843,ARANDANO
1792,844,ARANDANO
1793,844,FRUTILLA
1794,845,ARANDANO
1795,845,INCULTO
1796,845,FRAMBUESA
1797,846,ARANDANO
1798,846,MORA
1799,847,ARANDANO
1800,847,INCULTO
1801,849,ARANDANO
1802,849,INCULTO
1803,849,MONTE
1804,850,CHIA (SALVIA HISPANICA L)
1805,850,POROTO NEGRO
1806,850,GARBANZO
1807,851,LIMON
1808,852,ARANDANO
1809,852,INCULTO
1810,853,INCULTO
1811,853,ARANDANO
1812,854,ARANDANO
1813,854,FRUTILLA
1814,854,INCULTO
1815,855,CHIA (SALVIA HISPANICA L.)
1816,856,LIMON
1817,857,ARANDANO
1818,857,INCULTO
1819,857,PASTIZAL NATURAL
1820,858,PALTA
1821,858,LIMON
1822,858,NARANJA
1823,858,MANDARINA
1824,858,INCULTO
1825,859,CHIA
1826,860,ARANDANO
1827,860,INCULTO
1828,861,VACAS
1829,861,TOROS
1830,861,VAQUILLONAS
1831,861,TERNERAS
1832,861,NOVILLOS
1833,862,VACAS
1834,862,TOROS
1835,862,TERNEROS
1836,862,VAQUILLONAS
1837,864,MIEL
1838,865,MIEL
1839,866,CHIA (SALVIA HISPANICA L)
1840,867,NUEZ PECAN
1841,868,ACEITE DE GIRASOL
1842,868,ACEITE DE COLZA
1843,868,EXPELLER DE GIRASOL
1844,868,EXPELLER DE COLZA
1845,868,HARINA DE COLZA
1846,869,SOJA
1847,869,GIRASOL
1848,869,HARINA SOJA
1849,869,HARINA GIRASOL
1850,869,ACEITE DE SOJA
1851,869,ACEITE DE GIRASOL
1852,869,COLZA
1853,869,HARINA DE COLZA
1854,869,ACEITE DE COLZA
1855,869,GARBANZO
1856,871,CEREALES
1857,871,OLEAGINOSAS
1858,872,FRUTAS
1859,872,FRUTAS IQF
1860,874,YERBA MATE
1861,876,ACEITE DE GIRASOL
1862,876,HARINA DE TRIGO
1863,877,YERBA MATE
1864,877,TE
1865,878,MIEL
1866,878,CERA
1867,879,TRIGO
1868,880,KIWIS
1869,886,CHUFA
1870,887,SOJA
1871,887,MAIZ
1872,887,MAIZ PISINGALLO
1873,887,GIRASOL
1874,887,TRIGO
1875,887,SORGO
1876,887,ARVEJA
1877,887,CEBADA
1878,887,LINO
1879,890,GALLETA DE ARROZ
1880,890,REBOZADOR DE ARROZ
1881,890,HARINA DE ARROZ
1882,890,ARROZ
1883,890,MAIZ
1884,890,LINO
1885,890,GIRASOL
1886,891,SORGO
1887,891,LINO
1888,891,SOJA
1889,891,MAIZ
1890,891,MAIZ PISINGALLO
1891,891,GIRASOL
1892,891,COLZA CANOLA
1893,891,ACEITE DE SOJA
1894,891,ACEITE DE GIRASOL
1895,891,EXPELLER DE GIRASOL
1896,891,ACEITE DE COLZA CANOLA
1897,891,EXPELLER DE COLZA CANOLA
1898,891,ACEITE DE CARTAMO
1899,891,EXPELLER DE CARTAMO
1900,892,MIEL
1901,892,CERA
1902,894,MIEL
1903,894,SUBPRODUCTOS DE LA COLMENA.
1904,896,CHIA (SALVIA HISPANICA L.)
1905,896,SESAMO
1906,897,KIWIS
1907,898,MAIZ
1908,898,GIRASOL
1909,898,SOJA
1910,898,CANOLA
1911,899,GIRASOL
1912,899,SOJA
1913,899,MAIZ
1914,899,CANOLA
1915,900,TOFU
1916,901,MIEL.
1917,903,AVENA ARROLLADA
1918,904,GIRASOL
1919,904,SOJA
1920,904,MAIZ
1921,904,MAIZ PISINGALLO
1922,904,CANOLA
1923,905,MAIZ
1924,905,MAIZ PISINGALLO
1925,905,SOJA
1926,905,GIRASOL
1927,905,CANOLA
1928,905,TRIGO
1929,905,CEBADA
1930,906,ACEITE DE SOJA
1931,906,ACEITE DE GIRASOL
1932,906,ACEITES DE COLZA
1933,906,HARINA DE SOJA
1934,906, EXPELLER DE GIRASOL
1935,906,EXPELLER DE CANOLA
1936,907,HARINA DE MAIZ
1937,907,HOMINY GRITS
1938,907,MAIZ PISINGALLO
1939,907,SEMOLA DE MAIZ
1940,907,SEMITA DE MAIZ
1941,907,HARINA ZOOTECNICA
1942,908,GIRASOL ALTO OLEICO
1943,908,SOJA
1944,908,MAIZ
1945,908,GIRASOL
1946,908,CANOLA
1947,908,GARBANZO
1948,909,SEMILLAS
1949,909,HARINAS
1950,909,ACEITES
1951,911,MIEL
1952,913,ACEITE DE GIRASOL ALTO OLEICO
1953,914,VINO
1954,915,ACEITE DE OLIVA
1955,916,ACEITE DE OLIVA
1956,917,ACEITE ESENCIAL DE GERANIO
1957,917,ACEITE ESENCIAL DE OREGANO
1958,917,ACEITE ESENCIAL DE LEMONGRASS
1959,918,ACEITE DE OLIVA
1960,919,MANI.
1961,920,MANI.
1962,921,ESPARRAGOS
1963,922,MANI.
1964,923,MANI
1965,923,MANI CONFITERIA
1966,923,MANI FRITO SALADO
1967,923,MANI TOSTADO
1968,923,PASTA DE MANI
1969,923,HARINA DE MANI
1970,923,ACEITE DE MANI
1971,924,ACEITUNAS
1972,924,ACEITE DE OLIVA
1973,925,SOJA
1974,925,MANI
1975,925,ACEITE DE SOJA
1976,925,ACEITE DE MANI
1977,925,EXPELLER DE SOJA
1978,925,HARINA DE MANI
1979,926,MANI
1980,926,SOJA.
1981,927,MIEL
1982,927,CERA
1983,929,ARROZ
1984,930,ARROZ
1985,931,MIEL
1986,931,CERA
1987,932,ROSA MOSQUETA
1988,932,CASCARILLA DE ROSA MOSQUETA
1989,932,ACEITE DE ROSA MOSQUETA
1990,933,CONFITURAS
1991,933,FRUTAS AL NATURAL (FRAMBUESAS
1992,933,FRUTILLAS
1993,933,CASSIS
1994,933,SAUCO
1995,933,CEREZAS
1996,933,ROSA MOSQUETA
1997,933,MORA
1998,933,ARANDANOS
1999,933,FRUTOS DEL BOSQUE)
2000,934,BLOUSSE (PUNCHAS)
2001,934,LANA PEINADA
2002,934,LANA LAVADA
2003,935,ACEITE DE PARAMELA
2004,936,LANA SUCIA
2005,936,LANA LAVADA
2006,936,TOPS DE LANA
2007,937,TOPS DE LANA
2008,937,LANA LAVADA
2009,938,ELAB ACEITE ROSA MOSQUETA
2010,939,ELAB ACEITE ROSA MOSQUETA
2011,940,ALGAS MARINAS
2012,940,EXTRACTO DE ALGAS LIOFILIZADO
2013,941,EXTRACTO DE ALGAS LIOFILIZADO
2014,942,LANA SUCIA
2015,943,MIEL + EXTRACCION DE MIEL
2016,943,ESTAMPADO DE CERA
2017,944,MIEL
2018,945,ARROZ.
2019,946,CHIA
2020,946,TRIGO
2021,946,LINO
2022,946,ARROZ
2023,946,SORGO
2024,947,SORGO
2025,947,GIRASOL
2026,947,MIJO
2027,947,LINO
2028,947,ARROZ
2029,947,TRIGO
2030,947,HARINA
2031,947,SEMOLA DE ARROZ
2032,948,ARROZ
2033,949,MANDARINA
2034,949,LIMON
2035,949,NARANJA
2036,949,DURAZNO
2037,949,CIRUELA
2038,949,AJO
2039,949,POMELO
2040,949,SANDIA
2041,949,ZAPALLO
2042,950,ACEITE ESENCIAL DE LIMON
2043,950,JUGO CONCENTRADO DE LIMON
2044,950,PULPA CONGELADA DE LIMON
2045,950,ACEITE DE MANDARINA
2046,950,JUGO CONCENTRADO DE MANDARINA
2047,950,ACEITE ESENCIAL DE POMELO
2048,950,ACEITE ESENCIAL DE NARANJA
2049,950,JUGO CONCENTRADO DE NARANJA
2050,950,PULPA CONGELADA DE NARANJA
2051,950,JUGO CONCENTRADO CONGELADO DE POMELO
2052,950,PULPA CONGELADA DE POMELO
2053,950,PULPA CONCENTRADA DE MANDARINA
2054,951,AZUCAR DE CAï¿½A
2055,952,AZUCAR DE CAï¿½A
2056,953,SEMILLA DE JOJOBA
2057,953,ACEITE DE JOJOBA
2058,954,ACEITE DE OLIVA
2059,955,VINO
2060,955,ACEITE DE OLIVA
2061,956,UVA PASA
2062,957,ACEITE DE JOJOBA
2063,957,ACEITE DE CHIA
2064,958,ACEITE DE OLIVA
2065,958,ACEITE DE OLIVA SABORIZADO
2066,959,PASAS DE UVA
2067,960,UVA PASA
2068,961,OLIVA
2069,962,VINO
2070,963,AJO
2071,963,ZAPALLO
2072,964,VINO
2073,965,VINO
2074,966,ZAPALLO
2075,966,AJO
2076,967,VINO
2077,968,VINO - PINOT GRIS
2078,968,MALBEC 2015
2079,969,VINO
2080,970,VINO
2081,971,VINO
2082,972,VINO
2083,974,AJO
2084,975,VINO
2085,976,CIRUELAS SECAS
2086,977,VINO
2087,979,VINO
2088,980,VINO
2089,981,VINO
2090,982,VINO
2091,983,VINO
2092,984,VINO
2093,985,VINO
2094,986,VINO
2095,987,VINO
2096,988,VINO
2097,989,VINO
2098,990,VINO
2099,991,JUGO DE UVA
2100,992,VINOS
2101,992,ESPUMANTES
2102,993,ACEITUNAS
2103,993,CIRUELAS
2104,993,DAMASCOS
2105,993,NUECES
2106,994,VINO
2107,995,VINO
2108,997,VINO
2109,998,VINO
2110,999,VINO
2111,999,MOSTO
2112,1000,VINO
2113,1001,VINO
2114,1004,VINO
2115,1004,JUGO DE UVA
2116,1005,CIRUELA DESECADA
2117,1007,ESPARRAGOS
2118,1008,VINO
2119,1009,VINO
2120,1010,AJO
2121,1011,CIRUELA DESECADA
2122,1012,VINO
2123,1013,CIRUELAS DESECADAS
2124,1014,VINO
2125,1015,ACEITE DE OLIVA
2126,1016,VINO
2127,1017,JUGO DE UVA CONCENTRADO BLANCO
2128,1018,VINO
2129,1019,VINO
2130,1019,UVAS
2131,1019,ACEITUNAS
2132,1020,YERBA MATE
2133,1021,YERBA MATE
2134,1021,TE
2135,1022,YERBA MATE
2136,1023,YERBA MATE CANCHADA
2137,1023,MOLIDA ENVASADA
2138,1024,MATE COCIDO
2139,1024,YERBA MATE
2140,1024,TE
2141,1025,AZUCAR DE CAï¿½A
2142,1026,YERBA MATE
2143,1027,YERBA MATE
2144,1028,TE
2145,1028,TE SABORIZADO
2146,1028,YERBA MATE
2147,1029,YERBA MATE
2148,1030,YERBA MATE
2149,1031,TE
2150,1034,CEREZAS
2151,1035,PERA
2152,1035,MANZANA
2153,1036,PERA
2154,1036,MANZANA
2155,1037,PERA
2156,1037,MANZANA
2157,1038,JUGO CONCENTRADO DE MANZANA
2158,1038,PERA
2159,1038,AROMAS DE PERA
2160,1038,MANZANA
2161,1038,JUGO CONCENTRADO TURBIO DE PERA
2162,1038,MANZANA
2163,1038,PASTA DE PERA
2164,1038,MANZANA
2165,1039,AROMAS DE  MANZANA
2166,1039,AROMAS DE PERA
2167,1039,JUGO CONCENTRADO DE MANZANA
2168,1039,JUGO CONCENTRADO DE PERA
2169,1040,PERA
2170,1040,MANZANA
2171,1040,CIRUELA
2172,1040,DURAZNO
2173,1041,PERA
2174,1041,CEREZA
2175,1041,ZAPALLO
2176,1041,MANZANA
2177,1041,DURAZNO
2178,1041,CIRUELA
2179,1042,PERA
2180,1042,MANZANA
2181,1043,CEREZA
2182,1044,PERA
2183,1044,MANZANA
2184,1044,CIRUELA
2185,1045,MANZANAS
2186,1045,PERAS
2187,1046,MANZANAS
2188,1046,PERAS
2189,1047,ZAPALLO
2190,1047,MANZANA
2191,1047,PERA
2192,1047,CIRUELA
2193,1047,DURAZNO
2194,1047,NECTARINAS 
2195,1048,MANZANA
2196,1048,PERA
2197,1048,CIRUELA
2198,1048,DURAZNO
2199,1048,NECTARINAS
2200,1049,PULPA
2201,1049,JUGO DE MANZANA
2202,1049, MANZANA DESHIDRATADA
2203,1050,JUGO CONCENTRADO DE PERA
2204,1050,JUGO CONCENTRADO DE MANZANA
2205,1050,SIDRA
2206,1051,PERA
2207,1051,MANZANA
2208,1052,JUGO CONCENTRADO DE PERA
2209,1052,MANZANA
2210,1053,PERAS
2211,1053,MANZANAS
2212,1054,MANZANAS
2213,1054,PERAS
2214,1055,PERAS
2215,1055,MANZANAS
2216,1056,MANZANAS
2217,1056,PERAS
2218,1057,PERA
2219,1057,MANZANA
2220,1057,CIRUELA
2221,1057,DURAZNO 
2222,1058,PERA
2223,1058,MANZANA
2224,1058,CIRUELA.
2225,1059,PERA
2226,1059,MANZANA
2227,1059,CIRUELA
2228,1059,DURAZNO
2229,1060,PERA
2230,1060,MANZANA
2231,1060,CIRUELA 
2232,1061,PERA
2233,1063,NUECES
2234,1063,NUEZ SECA PELADA
2235,1063,NUEZ SECA CON CASCARA
2236,1064,CHIA (SALVIA HISPANICA L.)
2237,1065,CHIA
2238,1065,SESAMO
2239,1066,CEREALES
2240,1066,OLEAGINOSAS.
2241,1067,AZUCAR DE CAï¿½A
2242,1067,ALCOHOL
2243,1067,SYRUP
2244,1067,MELAZA
2245,1069,UVA PASA
2246,1070,JUGO DE UVA
2247,1071,JUGO CONCENTRADO DE UVA
2248,1072,VINO
2249,1073,AJO
2250,1073,ZAPALLO
2251,1074,VINO
2252,1075,MOSTO CONCENTRADO DE UVA
2253,1076,ZAPALLO
2254,1076,ESPARRAGOS
2255,1077,PASAS DE UVA
2256,1078,UVA PASA
2257,1080,JUGO CONCENTRADO DE UVA
2258,1081,JUGO DE ALOE VERA
2259,1081,JUGO DE ALOE VERA SABORIZADO
2260,1081,GEL DE ALOE VERA
2261,1082,EXTRACCION
2262,1082,FRACCIONAMIENTO DE MIEL
2263,1083,FRUTICULTURA
2264,1083,HORTICULTURA
2265,1083,AROMATICAS
2266,1083,MEDICINALES; DULCES
2267,1084,CORTES DE CARNE VACUNA ENFRIADA
2268,1084,CORTES DE CARNE VACUNA CONGELADA
2269,1085,HORTALIZAS DE HOJA
2270,1085,RAIZ
2271,1085,FRUTO
2272,1085,CONGELADO DE FRUTILLAS
2273,1086,MIEL
2274,1086,SUBPRODUCTOS DE LA COLMENA.
2275,1087,ARANDANO
2276,1088,JUGO
2277,1088,ACEITE DE LIMON
2278,1089,LIMON
2279,1090,ARANDANO
2280,1090,ARANDANO CONGELADO
2281,1091,ARANDANO CONGELADO
2282,1091,FRAMBUESA CONGELADA
2283,1092,ARANDANO
2284,1093,ARANDANO
2285,1093,ARANDANO CONGELADO
2286,1093,FRAMBUESA CONGELADA
2287,1093,MORAS CONGELADAS
2288,1094,CHIA (SALVIA HISPANICA L.)
2289,1095,ARANDANO
2290,1096,LIMON
2291,1096,MANDARINA
2292,1096,NARANJA
2293,1096,PALTA
2294,1097,FRUTILLA CONGELADA
2295,1097,ARANDANO CONGELADO
2296,1098,ARANDANO
2297,1099,ARANDANO
2298,1100,VINO
2299,1101,TORTA DE SOJA
2300,1101,CHIA
2301,1101,HARINA DE COLZA
2302,1101,ARROZ
2303,1101,CENTENO
2304,1101,LINO
2305,1101,SORGO
2306,1101,AVENA
2307,1101, ACEITE DE GIRASOL
2308,1101,ACEITE DE SOJA
2309,1101,HARINA DE GIRASOL
2310,1101,HARINA DE SOJA
2311,1101,TRIGO
2312,1101,GARBANZO
2313,1101,SOJA
2314,1101,GIRASOL
2315,1101,HARINA DE SOJA
2316,1101,COLZA
2317,1101,ACEITE DE COLZA
2318,1101,MAIZ
2319,1101,CARTAMO
2320,1101,CEBADA
2321,1101,MIJO
2322,1102,MIEL
2323,1103,GIRASOL
2324,1103,LINO
2325,1103,MAIZ
2326,1103,MAIZ PISINGALLO
2327,1103,SOJA
2328,1103,TRIGO
2329,1103,GARBANZO
2330,1104,CHIA (SALVIA HISPANICA L.)
2331,1105,LANA LAVADA
2332,1105,LANA SUCIA
2333,1105,TOPS DE LANA
2334,1106,ACEITE DE JOJOBA
2335,1107,CEREALES
2336,1107,OLEAGINOSAS
2337,1107,OTROS PRODUCTOS ORGANICOS.
2338,1108,PULPA CONCENTRADA DE CIRUELA
2339,1108,PURE DE PERA CONCENTRADO
2340,1108,PURE DE DAMASCO CONCENTRADO
2341,1108,PURE DE DAMASCO
2342,1108,ZAPALLO
2343,1108,PULPA DE DAMASCO
2344,1108,ZANAHORIA
2345,1108,PULPA CONCENTRADA DE DURAZNO
2346,1108,PURE DE ZANAHORIA
2347,1108,PURE DE DURAZNO
2348,1108,PULPA DE MANZANA
2349,1108,PULPA DE ZANAHORIA
2350,1108,PULPA DE ZAPALLO
2351,1108,MANZANA
2352,1108,PULPA CONCENTRADA DE DAMASCO
2353,1108,PURE DE MANZANA CONCENTRADO
2354,1108,DURAZNO
2355,1108,PULPA DE DURAZNO
2356,1108,PERA
2357,1108,PURE DE PERA
2358,1108,PURE DE DURAZNO CONCENTRADO
2359,1108,CIRUELA
2360,1108,PULPA DE PERA
2361,1108,BATATA
2362,1108,DAMASCO
2363,1108,PURE DE ZAPALLO
2364,1108,PURE DE BATATA
2365,1108,PULPA CONCENTRADA DE PERA
2366,1108,PULPA DE CIRUELA
2367,1108,PULPA CONCENTRADA DE MANZANA
2368,1108,PURE DE MANZANA
2369,1109,ACEITE DE JOJOBA
2370,1110,ARROZ
2371,1111,GRANOS
2372,1112,GIRASOL
2373,1112,SOJA
2374,1112,MAIZ
2375,1113,MIEL.
2376,1114,MIEL.
2377,1115,ARANDANO
2378,1115,MANZANA
2379,1115,PERA
2380,1115,CEREZA
2381,1115,ACEITE DE OLIVA
2382,1115,ACEITUNAS
2383,1115,CIRUELA
2384,1116,CHIA (SALVIA HISPANICA L.)
2385,1117,CHIA
2386,1118,CHOCOLATE
2387,1119,PERA
2388,1119,MANZANA
2389,1120,GIRASOL
2390,1120,ACEITE DE COLZA CANOLA
2391,1120,ARROZ
2392,1120,VINO
2393,1120,MAIZ
2394,1120,NUEZ
2395,1120,ACEITE DE SOJA
2396,1120,ACEITUNAS
2397,1120,CHIA (SALVIA HISPANICA L.)
2398,1120,CIRUELA
2399,1120,ACEITE DE GIRASOL
2400,1120,ACEITE DE OLIVA
2401,1120,LINO
2402,1120,PASAS DE UVA
2403,1121,TRIGO
2404,1121,SOJA
2405,1121,MAIZ
2406,1121,MAIZ PISINGALLO
2407,1121,SORGO
2408,1121,CANOLA
2409,1121,GIRASOL
2410,1121,ALCOHOL
2411,1122,AJO
2412,1122,CEBOLLA
2413,1122,ZAPALLO
2414,1123,CARNE VACUNA
2415,1124,ARROZ
2416,1124, LINO
2417,1124,ACEITE DE OLIVA
2418,1124,HARINA DE MAIZ
2419,1124,MAIZ
2420,1124,MIJO
2421,1124,TRIGO
2422,1124,CENTENO
2423,1124,CIRUELA DESHIDRATADA CON CAROZO
2424,1124,MANZANA DESHIDRATADA
2425,1125,CIRUELA
2426,1125,MANZANA
2427,1125,PERA
2428,1125,ARANDANO
2429,1126,PERA
2430,1126,MANZANA
2431,1127,LANA SUCIA
2432,1128,CEREALES
2433,1128,OLEAGINOSAS
2434,1128,OTROS PRODUCTOS ORGANICOS.
2435,1129,EXPELLER DE GIRASOL
2436,1129,GIRASOL
2437,1129,ACEITE DE GIRASOL
2438,1129,ACEITE DE CANOLA
2439,1130,CIRUELA DESHIDRATADA
2440,1131,TRIGO
2441,1132,ARANDANO
2442,1132,ARANDANO CONGELADO
2443,1139,PRODUCTOS ORGANICOS DE ORIGEN ANIMAL
2444,1139,VEGETAL.
2445,1140,CEREALES
2446,1140,OLEAGINOSAS
2447,1141,CEREALES
2448,1141,OLEAGINOSAS
2449,1141,OTROS PRODUCTOS ORGANICOS.
2450,1142,ACEITE DE OLIVA
2451,1143,COMERCIALIZACION DE CEREALES
2452,1143,OLEAGINOSAS
2453,1144,MIEL
2454,1144,SUBPRODUCTOS DE LA COLMENA.
2455,1145,MANI
2456,1145,MANI CONFITERIA
2457,1145,MANI FRITO SALADO
2458,1145,MANI TOSTADO
2459,1145,ACEITE DE MANI
2460,1145,PASTA DE MANI
2461,1145,HARINA DE MANI
2462,1146,MANI
2463,1148,MANI
2464,1149,COMERCIALIZACION DE MANI
2465,1149,SUS DERIVADOS.
2466,1150,MANI
2467,1150,MANI CONFITERIA
2468,1150,MANI FRITO SALADO
2469,1150,MANI TOSTADO
2470,1150,ACEITE DE MANI
2471,1150,HARINA DE MANI
2472,1150,PASTA DE MANI
2473,1151,MANI 
2474,1152,MANI
2475,1153,MANI
2476,1153,SOJA
2477,1154,CEREALES
2478,1154,OLEAGINOSAS
2479,1155,LANA SUCIA
2480,1155,LANA PEINADA
2481,1156,AJO
2482,1156,ZAPALLO
2483,1157,VINO
2484,1157,MOSTO
2485,1158,ACEITE DE OLIVA
2486,1159,SEMILLA DE LECHUGA
2487,1159,SEMILLA DE CEBOLLA
2488,1160,PULPA CONCENTRADA DE DAMASCO
2489,1160,PULPA CONCENTRADA DE MANZANA
2490,1160,PULPA CONCENTRADA DE PERA
2491,1160,PULPA CONCENTRADA DE CIRUELA
2492,1161,AJO
2493,1161,ZAPALLO
2494,1162,ACEITE DE OLIVA
2495,1163,VINO
2496,1163,VINO ESPUMANTE
2497,1164,VINO
2498,1165,ROSELLA
2499,1165,STEVIA
2500,1165,TE
2501,1165,TE NEGRO
2502,1165,TE VERDE
2503,1165,YERBA MATE
2504,1165,TE ROJO
2505,1166,YERBA MATE
2506,1167,YERBA MATE
2507,1168,CIRUELA
2508,1168,DURAZNO
2509,1168,CEREZA
2510,1168,MANZANA
2511,1168,PERA
2512,1168,ZAPALLO
2513,1170,PERAS
2514,1170,MANZANAS
2515,1170,DURAZNOS
2516,1170,CEREZA
2517,1170,CIRUELAS
2518,1170,ZAPALLO
2519,1171,JUGO CONCENTRADO
2520,1171,PURE DE PERA
2521,1172,MANZANAS
2522,1172,PERAS
2523,1173,MANZANAS
2524,1173,PERAS
2525,1173,UVAS
2526,1173,ARANDANOS
2527,1174,CEREALES
2528,1174,OLEAGINOSAS
2529,1175,CEREALES
2530,1175,OLEAGINOSAS
2531,1176,CHIA (SALVIA HISPANICA L)
2532,1176,TRIGO
2533,1176,QUINOA
2534,1178,MIEL
2535,1178,SUBPRODUCTOS DE LA COLMENA
2536,1179,AZUCAR DE CAï¿½A
2537,1180,CHIA (SALVIA HISPANICA L.)
2538,1180,POROTO
2539,1180,SESAMO
2540,1181,CHIA (SALVIA HISPANICA L.)
2541,1182,CHIA (SALVIA HISPANICA L.)
2542,1183,AZUCAR DE CAï¿½A
2543,1183,CHIA (SALVIA HISPANICA L.)
2544,1183,QUINOA
2545,1183,SESAMO
2546,1184,CHIA (SALVIA HISPANICA L.)
2547,1184,FRUTILLA
2548,1184,FRUTILLA CONGELADA
2549,1184,ARANDANO
2550,1184,ARANDANO CONGELADO
2551,1185,CHIA
2552,1186,MAIZ
2553,1186,CENTENO
2554,1186,DESCANSO
2555,1186,SOJA
2556,1186,ABONO VERDE
2557,1187,CEREALES
2558,1187,OLEAGINOSAS
2559,1188,AROMATICAS
2560,1189,INCULTO
2561,1189,ARROZ
2562,1190,LANA SUCIA
2563,1190,OVEJAS
2564,1190,BORREGAS
2565,1190,CORDEROS
2566,1190,CAPONES
2567,1190,CARNEROS
2568,1191,CEREALES
2569,1191,OLEAGINOSAS
2570,1192,ARANDANOS
2571,1193,CORIANDRO
2572,1194,SORGO
2573,1194,TRIGO
2574,1194,ARROZ
2575,1195,PASAS DE UVA
2576,1196,VID
2577,1196,OLIVOS
2578,1197,ESPARRAGOS
2579,1197,AJO
2580,1197,ABONO VERDE
2581,1198,DESCANSO
2582,1198,AJO
2583,1198,INCULTO
2584,1198,CAMPO NATURAL
2585,1198,ZAPALLO
2586,1199,UVAS PARA VINIFICAR
2587,1200,UVAS PARA VINIFICAR
2588,1201,VID
2589,1202,AJO
2590,1202,ABONO VERDE
2591,1203,VID
2592,1204,CAï¿½A DE AZUCAR
2593,1205,CAï¿½A DE AZUCAR
2594,1206,CAï¿½A DE AZUCAR
2595,1207,CAï¿½A DE AZUCAR
2596,1208,CAï¿½A DE AZUCAR
2597,1209,CAï¿½A DE AZUCAR
2598,1210,CAï¿½A DE AZUCAR
2599,1211,CAï¿½A DE AZUCAR
2600,1212,CAï¿½A DE AZUCAR
2601,1213,CAï¿½A DE AZUCAR
2602,1214,CAï¿½A DE AZUCAR
2603,1215,CAï¿½A DE AZUCAR
2604,1216,CAï¿½A DE AZUCAR
2605,1217,CAï¿½A DE AZUCAR
2606,1218,CAï¿½A DE AZUCAR
2607,1219,MANZANA
2608,1219,PERA
2609,1220,MANZANA
2610,1220,PERA
2611,1221,PERA
2612,1222,MANZANA
2613,1222,PERA
2614,1223,MANZANA
2615,1223,PERA
2616,1224,MANZANA
2617,1224,PERA
2618,1225,MANZANA
2619,1225,PERA
2620,1225,CALENDULA
2621,1226,VID
2622,1227,PERA
2623,1228,MANZANAS
2624,1228,PERAS
2625,1229,PERA
2626,1229,MANZANA
2627,1230,MANZANA
2628,1230,PERA
2629,1231,PERAS
2630,1231,MANZANAS.
2631,1232,PERA
2632,1233,PERAS
2633,1234,MANZANA
2634,1234,PERA
2635,1235,MANZANA
2636,1235,PERA
2637,1235,PELON
2638,1236,MANZANA
2639,1236,PERA
2640,1237,NUECES
2641,1237,NUEZ SECA PELADA
2642,1237,NUEZ SECA CON CASCARA
2643,1238,NUECES
2644,1238,NUEZ SECA PELADA
2645,1238,NUEZ SECA CON CASCARA
2646,1239,LANA SUCIA
2647,1239,OVEJAS
2648,1239,BORREGOS
2649,1239,BORREGAS
2650,1239,CAPONES
2651,1239,CORDEROS
2652,1239,CARNEROS
2653,1240,MANZANAS
2654,1240,PERAS
2655,1241,PERAS
2656,1243,CAï¿½A DE AZUCAR
2657,1243,INCULTO
2658,1243,MONTE
2659,1244,INCULTO
2660,1245,CHIA
2661,1246,MAIZ
2662,1247,AJO
2663,1247,CAMPO NATURAL
2664,1247,ZAPALLO
2665,1248,VID
2666,1248,OLIVOS
2667,1249,VID
2668,1250,VID
2669,1252,OVEJAS
2670,1252,LANA SUCIA
2671,1252,BORREGAS
2672,1252,BORREGOS
2673,1252,CARNEROS
2674,1252,CAPONES
2675,1253,OVEJAS
2676,1253,BORREGAS
2677,1253,CAPONES
2678,1253,CARNEROS
2679,1254,GIRASOL
2680,1254,SOJA
2681,1254,TRIGO
2682,1254,MAIZ PISINGALLO
2683,1255,MIEL
2684,1255,SUBPRODUCTOS DE LA COLMENA
2685,1256,MIEL
2686,1257,MIEL
2687,1257,SUBPRODUCTOS DE LA COLMENA
2688,1258,EMULSION CORPORAL SUAVIZANTE
2689,1258,EMULSION CORPORAL NUTRITIVA
2690,1258,EMULSION CORPORAL ANTIAGE
2691,1258,CREMA FACIAL ANTIAGE
2692,1258,CREMA FACIAL DIURNA
2693,1258,CREMA FACIAL NOCTURNA NUTRITIVA
2694,1258,SERUM CONTORNO DE OJOS
2695,1258,SERUM CONTORNO DE LABIOS
2696,1258,TONICO FACIAL
2697,1258,ACEITE DE LIMPIEZA
2698,1259,PAPILLA PARA BEBE
2699,1260,ACOPIO DE CEREALES
2700,1260,OLEAGINOSAS
2701,1261,ACEITE DE OLIVA
2702,1262,TURRON
2703,1262,GARRAPIï¿½ADA
2704,1262,CARAMELOS
2705,1262,CHUPETINES
2706,1262,MIEL
2707,1267,CEBADA
2708,1268,MIEL.
2709,1270,HORTALIZAS.
2710,1271,MIEL
2711,1272,LANA SUCIA
2712,1273,ARROZ BLANCO PULIDO
2713,1274,JUGO CONCENTRADO CONGELADO DE LIMON
2714,1274,JUGO CONCENTRADO CONGELADO DE MANDARINA
2715,1274,JUGO CONCENTRADO CONGELADO DE NARANJA
2716,1274,JUGO CONCENTRADO CONGELADO DE POMELO
2717,1274,JUGO PASTEURIZADO CONGELADO DE LIMON
2718,1274,JUGO PASTEURIZADO CONGELADO DE MANDARINA
2719,1274,JUGO PASTEURIZADO CONGELADO DE NARANJA
2720,1274,JUGO PASTEURIZADO CONGELADO DE POMELO
2721,1274,ACEITE ESENCIAL DE LIMON
2722,1274,ACEITE ESENCIAL DE MANDARINA
2723,1274,ACEITE ESENCIAL DE NARANJA
2724,1274,ACEITE ESENCIAL DE POMELO
2725,1274,FASE OLEOSA DE LIMON
2726,1274,FASE OLEOSA DE MANDARINA
2727,1274,FASE OLEOSA DE NARANJA
2728,1274,FASE OLEOSA DE POMELO
2729,1275,CHIA
2730,1276,ACEITUNAS
2731,1277,ACEITE DE OLIVA
2732,1278,ACEITE DE JOJOBA
2733,1279,MANZANA
2734,1280,AJO
2735,1281,AJO NEGRO
2736,1282,PULPA DE PERA
2737,1282,PULPA DE MANZANA
2738,1282,PULPA DE DAMASCO
2739,1282,PULPA DE DURAZNO
2740,1282,PULPA DE ZAPALLO
2741,1282,PURE DE BATATA
2742,1282,PULPA DE ZANAHORIA
2743,1283,PURE DE MANZANA
2744,1283,PURE DE MANZANA CONCENTRADO
2745,1283,PURE DE PERA
2746,1283,PURE DE PERA CONCENTRADO
2747,1283,PURE DE DAMASCO
2748,1283,PURE DE DAMASCO CONCENTRADO
2749,1283,PURE DE CIRUELA CONCENTRADO 
2750,1284,JUGO CONCENTRADO DE UVA
2751,1285,VINO
2752,1286,VINO
2753,1287,AJO
2754,1288,YERBA MATE
2755,1288, TE NEGRO
2756,1288,TE ROJO
2757,1288,TE VERDE
2758,1289,PERA
2759,1289,MANZANA
2760,1290,ELAB ACEITE ROSA MOSQUETA
2761,1291,MANZANAS
2762,1291,PERAS
2763,1292,VINO
2764,1293,VINO
2765,1294,PASAS DE UVA
2766,1295,VINO
2767,1295,VINO ESPUMANTE
2768,1295,VINAGRE
2769,1295,ACETO
2770,1296,PERAS CONGELADAS
2771,1297,MIEL + EXTRACCION
2772,1297,FRACCIONAMIENTO DE MIEL
2773,1298,SESAMO
2774,1298,POROTO
2775,1298,CHIA (SALVIA HISPANICA L)
2776,1300,LANA LAVADA
2777,1300,LANA SUCIA
2778,1300,TOPS DE LANA
2779,1300,BLOUSSE (PUNCHAS)
2780,1301,YERBA MATE
2781,1301,TE NEGRO 
2782,1302,CEREALES
2783,1302,OLEAGINOSAS
2784,1303,LANA SUCIA
2785,1304,CHIA (SALVIA HISPANICA L)
2786,1305,FRUTILLA
2787,1305,FRUTILLA CONGELADA
2788,1305,ARANDANO
2789,1305,ARANDANO CONGELADO
2790,1306,ACEITE DE JOJOBA
2791,1307,MIEL
2792,1308,PROCESAMIENTO (ACONDICIONAMIENTO) DE CEREALES
2793,1308,OLEAGINOSAS
2794,1309,VINO
2795,1310,PERA
2796,1310,MANZANA
2797,1310,CIRUELAS
2798,1310,DURAZNO
2799,1310,NECTARINAS
2800,1310,CEREZAS
2801,1311,CEREALES
2802,1311,OLEAGINOSAS
2803,1311,LEGUMINOSAS.
2804,1312,CHIA (SALVIA HISPANICA L.)
2805,1313,VID
2806,1313,INCULTO
2807,1314,VID
2808,1315,VID
2809,1316,CAï¿½A DE AZUCAR
2810,1317,MANZANA
2811,1317,PERA
2812,1318,MANZANAS
2813,1318,PERAS
2814,1319,MANZANA
2815,1319,PERA
2816,1320,VACAS
2817,1320,LECHE
2818,1320,VAQUILLONAS
2819,1320,NOVILLOS
2820,1320,TERNERAS
2821,1320,TERNEROS
2822,1320,TOROS
2823,1321,MANZANAS
2824,1321,PERAS
2825,1322,MANZANA
2826,1322,PERA
2827,1323,MANZANA
2828,1323,PERA
2829,1324,MANZANA
2830,1324,PERA
2831,1325,MANZANAS
2832,1325,PERAS
2833,1326,MANZANA
2834,1326,PERA
2835,1326,DURAZNO
2836,1327,UVA DE MESA
2837,1327,PASAS DE UVA
2838,1328,ESPARRAGOS
2839,1329,CHIA (SALVIA HISPANICA L)
2840,1329,FRUTILLA
2841,1329,INCULTO
2842,1330,QUESO
2843,1330,QUESO SABORIZADO
2844,1331,ALIMENTO BALANCEADO
2845,1332,ACEITE DE GIRASOL
2846,1332,EXPELLER DE GIRASOL
2847,1332,ACEITE DE CANOLA
2848,1332,ACEITE DE SOJA
2849,1332,EXPELLER DE SOJA
2850,1332,GIRASOL
2851,1332,CANOLA
2852,1332,EXPELLER DE CANOLA
2853,1332,SORGO
2854,1332,TRIGO
2855,1332,MAIZ PISINGALLO
2856,1332,MAIZ
2857,1332,SOJA
2858,1333,ARANDANO
2859,1333,FRAMBUESA
2860,1333,ZAPALLO
2861,1334,MANI.
2862,1335,JUGO CONCENTRADO CONGELADO DE NARANJA
2863,1335,JUGO CONCENTRADO CONGELADO DE MANDARINA
2864,1335,JUGO CONCENTRADO CONGELADO DE POMELO
2865,1335,JUGO CONCENTRADO CONGELADO DE LIMON
2866,1335,JUGO PASTEURIZADO CONGELADO DE NARANJA
2867,1335,JUGO PASTEURIZADO CONGELADO DE MANDARINA
2868,1335,JUGO PASTEURIZADO CONGELADO DE POMELO
2869,1335,JUGO PASTEURIZADO CONGELADO DE LIMON
2870,1335,ACEITE ESENCIAL DE NARANJA
2871,1335,ACEITE ESENCIAL DE MANDARINA
2872,1335,ACEITE ESENCIAL DE POMELO
2873,1335,ACEITE ESENCIAL DE LIMON
2874,1335,SEMILLAS DE LIMON
2875,1335,SEMILLAS DE POMELO
2876,1336,VINO
2877,1337,VINO
2878,1338,VINO
2879,1339,MANZANAS
2880,1339,PERAS
2881,1340,MOSTO DE UVA
2882,1341,OREGANO
2883,1341,TOMILLO
2884,1341,ROMERO
2885,1341,LAVANDA
2886,1341,MENTA
2887,1341,MAIZ
2888,1341,ZAPALLO ANCO
2889,1342,SMOOTHIES
2890,1342,JUGOS
2891,1342,DULCES
2892,1342,AROMATICAS
2893,1342,AZUCAR
2894,1342,FRUTAS
2895,1342,PULPAS
2896,1342,PASAS
2897,1343,CHIA (SALVIA HISPANICA L)
2898,1343,POROTO
2899,1343,GARBANZO
2900,1344,AZUCAR DE CAï¿½A
2901,1344,CHIA (SALVIA HISPANICA L)
2902,1344,POROTO
2903,1344,AJO NEGRO
2904,1344,MELAZA
2905,1344,CEREALES
2906,1345,ACEITE DE LIMPIEZA
2907,1345,EMULSION CORPORAL ANTIAGE
2908,1345,EMULSION CORPORAL NUTRITIVA
2909,1345,EMULSION CORPORAL SUAVIZANTE
2910,1345,CREMA FACIAL ANTIAGE
2911,1345,CREMA FACIAL DIURNA
2912,1345,CREMA FACIAL NOCTURNA NUTRITIVA
2913,1345,SERUM CONTORNO DE LABIOS
2914,1345,SERUM CONTORNO DE OJOS
2915,1345,TONICO FACIAL
2916,1346,MANI
2917,1346,MANI CONFITERIA
2918,1346,MANI FRITO SALADO
2919,1346,MANI TOSTADO
2920,1346,ACEITE DE MANI
2921,1346,HARINA DE MANI
2922,1347,ARROZ INTEGRAL
2923,1347,PULIDO
2924,1347,LINO
2925,1347,MIJO
2926,1347,SORGO
2927,1347,MAIZ
2928,1347,AZUCAR
2929,1347,CENTENO
2930,1348,CEREALES
2931,1348,OLEAGINOSAS
2932,1349,MANZANA
2933,1349,ZAPALLO
2934,1349,ZANAHORIA
2935,1349,CEBOLLA
2936,1349,ECHALOTTE
2937,1349,INCULTO
2938,1349,ZAPALLO ANCO
2939,1349,AJO
2940,1349,DESCANSO
2941,1349,BROCOLI
2942,1349,CAMPO NATURAL
2943,1350,CAï¿½A DE AZUCAR
2944,1351,CAï¿½A DE AZUCAR
2945,1352,CAï¿½A DE AZUCAR
2946,1353,MANZANA
2947,1353,PERA
2948,1354,MANZANAS
2949,1354,PERAS
2950,1355,CHIA (SALVIA HISPANICA L.)
2951,1356,VACAS
2952,1356,TERNEROS
2953,1356,TERNERAS
2954,1356,VAQUILLONAS
2955,1356,TOROS
2956,1357,MIEL
2957,1357,SUBPRODUCTOS DE LA COLMENA.
2958,1358,MAIZ
2959,1358,SOJA
2960,1358,GIRASOL
2961,1358,TRIGO
2962,1358,CEBADA
2963,1358,CANOLA
2964,1360,VINO
2965,1361,VINO
2966,1362,CEREZAS
2967,1363,PERA
2968,1363,MANZANA
2969,1363,CEREZA
2970,1364,HIGOS
2971,1364,GRANADAS
2972,1364,PALTAS
2973,1365,TRUCHAS A LAS FINAS HIERBAS
2974,1365,PATE DE TRUCHA
2975,1365,TRUCA AL AJI KITUCHO
2976,1366,TE
2977,1367,FRUTILLA CONGELADA
2978,1367,ARANDANO CONGELADO
2979,1367,FRAMBUESA CONGELADA
2980,1367,MORAS CONGELADAS
2981,1367,ESPARRAGO CONGELADOS
2982,1368,ARANDANO
2983,1368,ARANDANO CONGELADO
2984,1369,ACEITE DE OLIVA
2985,1370,CAï¿½A DE CASTILLA
2986,1371,MANZANA
2987,1371,PERA
2988,1372,MANZANA
2989,1372,PERA
2990,1373,DESCANSO
2991,1374,VID
2992,1376,PULPA DE MANZANA
2993,1376,PURE DE MANZANA
2994,1376,PULPA DE PERA
2995,1376,PURE DE PERA
2996,1377,PULPA DE PERA
2997,1377,PULPA CONCENTRADA DE PERA
2998,1377,PULPA DE MANZANA
2999,1377,PULPA CONCENTRADA DE MANZANA
3000,1377,PULPA DE DURAZNO
3001,1377,PULPA CONCENTRADA DE DURAZNO
3002,1377,PULPA DE DAMASCO
3003,1377,PULPA CONCENTRADA DE DAMASCO
3004,1377,PULPA DE ZAPALLO
3005,1377,PULPA DE ZANAHORIA
3006,1377,PURE DE PERA CONCENTRADO
3007,1377,PURE DE PERA
3008,1377,PURE DE MANZANA
3009,1377,PURE DE MANZANA CONCENTRADO
3010,1377,PURE DE DURAZNO
3011,1377,PURE DE DURAZNO CONCENTRADO
3012,1377,PURE DE DAMASCO
3013,1377,PURE DE DAMASCO CONCENTRADO
3014,1377,PURE DE ZAPALLO
3015,1377,PURE DE ZANAHORIA
3016,1377,PURE DE BATATA
3017,1379,CAï¿½A DE AZUCAR
3018,1380,PERA
3019,1380,MANZANA
3020,1380,MEMBRILLO
3021,1380,INCULTO
3022,1380,DAMASCO
3023,1380,CIRUELA
3024,1380,AVELLANAS
3025,1380,ALMENDRAS
3026,1380,DURAZNO
3027,1380,CEREZA
3028,1381,VINO
3029,1382,NUEZ
3030,1383,PERA
3031,1383,MANZANA
3032,1384,MANZANA
3033,1384,PERA
3034,1384,DURAZNO
3035,1385,ARROZ INTEGRAL
3036,1385,BLANCO PULIDO
3037,1385,PARTIDO - ACOPIO DE MAIZ
3038,1385,SORGO
3039,1385,MIJO
3040,1385,LINO
3041,1386,CAï¿½A DE AZUCAR
3042,1387,VID
